観測所,都道府県,lat,lon,時間,気温
宗谷岬,北海道,45.52,141.935,09時00分,18.8
稚内,北海道,45.415,141.67833333333334,09時00分,19.3
礼文,北海道,45.305,141.045,08時07分,20.4
声問,北海道,45.403333333333336,141.80166666666668,08時59分,17.3
浜鬼志別,北海道,45.335,142.17,08時58分,17.6
本泊,北海道,45.24166666666667,141.18666666666667,08時43分,19.9
沼川,北海道,45.248333333333335,141.85166666666666,08時59分,18.5
沓形,北海道,45.178333333333335,141.13833333333332,08時48分,19.6
豊富,北海道,45.10166666666667,141.78,09時00分,18.0
浜頓別,北海道,45.125,142.35,09時00分,16.5
中頓別,北海道,44.965,142.28,08時51分,13.9
北見枝幸,北海道,44.94,142.585,09時00分,17.8
歌登,北海道,44.84166666666667,142.48,08時59分,14.2
中川,北海道,44.82833333333333,142.07666666666665,08時56分,15.6
音威子府,北海道,44.72666666666667,142.265,09時00分,12.6
美深,北海道,44.48,142.34166666666667,09時00分,10.2
名寄,北海道,44.37,142.45666666666668,08時59分,10.6
下川,北海道,44.295,142.63666666666666,08時59分,13.6
士別,北海道,44.18666666666667,142.41666666666666,08時56分,12.4
朝日,北海道,44.11833333333333,142.595,08時56分,14.8
和寒,北海道,44.028333333333336,142.41,09時00分,12.2
江丹別,北海道,43.87,142.26,09時00分,13.3
比布,北海道,43.87,142.47,08時54分,14.1
上川,北海道,43.84666666666666,142.75333333333333,09時00分,14.2
旭川,北海道,43.75666666666667,142.37166666666667,09時00分,12.3
東川,北海道,43.70166666666667,142.50833333333333,09時00分,12.1
東神楽,北海道,43.67,142.44666666666666,08時58分,13.1
志比内,北海道,43.64333333333333,142.58166666666668,08時58分,14.7
美瑛,北海道,43.58833333333333,142.49333333333334,08時56分,12.5
上富良野,北海道,43.455,142.465,09時00分,11.6
富良野,北海道,43.333333333333336,142.4,09時00分,10.1
麓郷,北海道,43.30166666666667,142.52166666666668,09時00分,10.9
幾寅,北海道,43.16833333333334,142.56833333333333,08時58分,9.7
占冠,北海道,42.97833333333333,142.395,09時00分,12.1
朱鞠内,北海道,44.281666666666666,142.16166666666666,09時00分,14.1
幌加内,北海道,44.01,142.16,09時00分,10.5
天塩,北海道,44.89333333333333,141.76166666666666,09時00分,18.3
遠別,北海道,44.71833333333333,141.80666666666667,09時00分,18.8
初山別,北海道,44.52333333333333,141.77,09時00分,18.6
焼尻,北海道,44.428333333333335,141.42166666666665,09時00分,19.2
羽幌,北海道,44.36333333333334,141.7,09時00分,18.5
達布,北海道,44.04833333333333,141.85666666666663,08時58分,16.6
留萌,北海道,43.945,141.63166666666666,08時58分,16.0
増毛,北海道,43.848333333333336,141.51,08時56分,19.6
幌糠,北海道,43.85333333333333,141.76,08時53分,14.7
浜益,北海道,43.58166666666666,141.38666666666666,08時59分,18.4
厚田,北海道,43.39666666666667,141.43666666666667,08時57分,18.9
新篠津,北海道,43.22,141.645,09時00分,14.6
山口,北海道,43.14833333333333,141.22166666666666,08時51分,19.5
石狩,北海道,43.193333333333335,141.37,09時00分,17.5
江別,北海道,43.11,141.60166666666666,08時56分,15.8
札幌,北海道,43.06,141.32833333333335,09時00分,18.2
恵庭島松,北海道,42.92666666666667,141.565,08時58分,16.9
支笏湖畔,北海道,42.77166666666667,141.40666666666667,08時53分,16.2
千歳,北海道,42.775,141.69166666666666,09時00分,16.4
石狩沼田,北海道,43.815,141.92666666666668,08時52分,14.2
秩父別,北海道,43.78,141.96166666666667,09時00分,14.0
深川,北海道,43.71833333333333,142.07333333333332,09時00分,14.9
空知吉野,北海道,43.595,141.73166666666663,08時55分,16.3
滝川,北海道,43.57,141.93833333333333,09時00分,14.0
芦別,北海道,43.52,142.19,09時00分,14.0
月形,北海道,43.33,141.61666666666667,09時00分,17.0
美唄,北海道,43.36333333333334,141.82666666666665,09時00分,15.0
岩見沢,北海道,43.211666666666666,141.785,08時49分,16.0
長沼,北海道,43.01166666666666,141.69333333333333,09時00分,15.8
夕張,北海道,43.03833333333333,141.95666666666668,08時59分,17.5
美国,北海道,43.27166666666667,140.56333333333333,08時53分,20.3
神恵内,北海道,43.145,140.42333333333335,08時56分,18.7
余市,北海道,43.181666666666665,140.75833333333333,08時59分,19.6
小樽,北海道,43.181666666666665,141.015,08時56分,19.0
共和,北海道,42.98,140.60333333333332,09時00分,18.2
蘭越,北海道,42.81,140.54166666666666,08時58分,15.7
倶知安,北海道,42.9,140.75666666666666,09時00分,14.7
寿都,北海道,42.795,140.22333333333333,08時53分,19.2
真狩,北海道,42.775,140.88,09時00分,15.4
喜茂別,北海道,42.79333333333334,140.94833333333332,09時00分,16.2
黒松内,北海道,42.66333333333333,140.31,09時00分,17.5
雄武,北海道,44.58,142.96333333333334,08時54分,18.1
興部,北海道,44.47,143.10833333333332,08時59分,19.0
西興部,北海道,44.33166666666666,142.935,09時00分,16.1
紋別,北海道,44.345,143.355,08時58分,18.5
紋別小向,北海道,44.303333333333335,143.40333333333334,09時00分,17.5
湧別,北海道,44.21333333333333,143.61833333333334,09時00分,18.0
滝上,北海道,44.17666666666667,143.06166666666667,09時00分,14.5
常呂,北海道,44.115,144.03666666666666,09時00分,17.7
遠軽,北海道,44.053333333333335,143.54,09時00分,16.4
佐呂間,北海道,44.01833333333333,143.76,08時48分,17.7
網走,北海道,44.016666666666666,144.27833333333334,08時57分,17.1
宇登呂,北海道,44.05166666666667,144.98166666666663,09時00分,16.2
白滝,北海道,43.865,143.15333333333334,08時46分,14.4
生田原,北海道,43.91666666666666,143.53166666666667,08時43分,16.9
北見,北海道,43.77666666666666,143.84166666666667,08時58分,17.2
女満別,北海道,43.88,144.16333333333333,08時56分,16.5
小清水,北海道,43.84166666666667,144.485,09時00分,17.9
斜里,北海道,43.885,144.7,09時00分,17.3
留辺蘂,北海道,43.74166666666667,143.45,08時59分,14.8
境野,北海道,43.70666666666666,143.64333333333337,08時57分,16.8
美幌,北海道,43.77,144.17166666666665,09時00分,17.0
津別,北海道,43.70166666666667,144.03333333333333,08時58分,17.2
羅臼,北海道,44.02333333333333,145.18666666666667,08時51分,19.4
標津,北海道,43.66166666666667,145.13166666666666,09時00分,18.2
上標津,北海道,43.52,144.74666666666667,08時57分,17.8
中標津,北海道,43.54333333333334,144.97833333333332,08時56分,18.5
根室中標津,北海道,43.57666666666667,144.96,08時55分,18.1
別海,北海道,43.38166666666667,145.11833333333334,08時46分,19.0
根室,北海道,43.33,145.585,08時56分,18.9
納沙布,北海道,43.39333333333333,145.75833333333333,08時52分,19.9
厚床,北海道,43.22166666666666,145.22666666666666,09時00分,18.1
川湯,北海道,43.61666666666667,144.45666666666668,08時52分,17.2
弟子屈,北海道,43.51,144.46666666666667,08時54分,16.9
阿寒湖畔,北海道,43.43666666666667,144.08333333333334,09時00分,14.2
標茶,北海道,43.29166666666666,144.58666666666667,08時58分,18.0
鶴居,北海道,43.23166666666667,144.325,08時26分,18.5
中徹別,北海道,43.19833333333333,144.14166666666668,08時59分,18.9
榊町,北海道,43.12,145.11,09時00分,19.4
鶴丘,北海道,43.04,144.19166666666666,08時45分,17.2
太田,北海道,43.09,144.77833333333334,08時51分,17.8
白糠,北海道,42.97,144.06166666666667,08時45分,18.2
釧路,北海道,42.985,144.3766666666667,09時00分,19.5
知方学,北海道,42.93833333333333,144.735,08時39分,17.9
陸別,北海道,43.47166666666666,143.75333333333333,09時00分,16.0
ぬかびら源泉郷,北海道,43.36666666666667,143.19166666666666,08時59分,14.3
上士幌,北海道,43.24166666666667,143.295,08時58分,17.2
足寄,北海道,43.24333333333333,143.55333333333334,08時59分,16.1
本別,北海道,43.13166666666667,143.6,09時00分,17.3
新得,北海道,43.07666666666667,142.84,08時49分,16.5
鹿追,北海道,43.10333333333333,142.995,08時48分,17.1
駒場,北海道,43.05,143.18333333333334,09時00分,16.0
芽室,北海道,42.9,143.04333333333332,09時00分,15.8
帯広,北海道,42.92166666666667,143.21166666666667,08時36分,16.9
池田,北海道,42.92,143.45833333333334,09時00分,17.4
浦幌,北海道,42.80833333333333,143.65666666666667,08時54分,17.2
帯広泉,北海道,42.73333333333333,143.21666666666667,09時00分,16.1
糠内,北海道,42.78666666666667,143.32833333333335,09時00分,17.3
上札内,北海道,42.641666666666666,143.09666666666666,08時59分,16.1
更別,北海道,42.65166666666666,143.195,08時58分,16.3
大津,北海道,42.68666666666667,143.64666666666668,09時00分,17.1
大樹,北海道,42.5,143.27333333333334,08時59分,17.2
広尾,北海道,42.29333333333334,143.31666666666666,09時00分,18.9
厚真,北海道,42.73,141.88833333333332,08時58分,16.7
穂別,北海道,42.76166666666667,142.14333333333337,08時57分,15.9
大滝,北海道,42.67,141.07833333333335,08時54分,16.0
森野,北海道,42.63,141.24666666666667,09時00分,18.0
苫小牧,北海道,42.623333333333335,141.54666666666665,09時00分,19.0
大岸,北海道,42.59,140.64333333333337,08時54分,18.2
白老,北海道,42.54333333333334,141.35166666666666,09時00分,19.3
鵡川,北海道,42.59,141.93333333333334,09時00分,17.7
伊達,北海道,42.475,140.84833333333333,08時56分,18.4
登別,北海道,42.458333333333336,141.11833333333334,08時59分,18.1
室蘭,北海道,42.31166666666667,140.975,08時49分,18.2
日高,北海道,42.876666666666665,142.44166666666666,09時00分,16.1
日高門別,北海道,42.49666666666667,142.05333333333334,08時58分,16.7
新和,北海道,42.54333333333334,142.33333333333334,09時00分,17.4
静内,北海道,42.34333333333333,142.36166666666668,08時52分,18.4
三石,北海道,42.245,142.66166666666666,08時59分,19.8
中杵臼,北海道,42.223333333333336,142.94833333333332,09時00分,17.9
浦河,北海道,42.16166666666667,142.77666666666667,08時52分,19.0
えりも岬,北海道,41.925,143.24333333333334,09時00分,18.5
長万部,北海道,42.52333333333333,140.38166666666666,08時58分,18.9
八雲,北海道,42.251666666666665,140.27166666666668,08時50分,19.1
森,北海道,42.06666666666667,140.58833333333334,08時58分,18.3
川汲,北海道,41.905,140.97,08時57分,19.1
北斗,北海道,41.88666666666667,140.65333333333334,09時00分,19.0
函館,北海道,41.81666666666667,140.75333333333333,08時55分,19.5
高松,北海道,41.77,140.82166666666666,09時00分,19.4
木古内,北海道,41.68,140.43666666666667,08時58分,20.1
松前,北海道,41.42333333333333,140.08666666666667,08時57分,20.0
熊石,北海道,42.12833333333333,139.985,08時47分,18.9
せたな,北海道,42.45,139.85166666666666,08時57分,17.7
今金,北海道,42.428333333333335,140.00833333333333,09時00分,17.0
奥尻,北海道,42.248333333333335,139.55666666666667,08時44分,20.2
米岡,北海道,42.071666666666665,139.43166666666667,08時59分,20.2
鶉,北海道,41.93,140.31166666666667,09時00分,15.3
江差,北海道,41.86666666666667,140.1233333333333,09時00分,19.2
大間,青森県,41.52666666666666,140.91166666666666,08時42分,20.2
むつ,青森県,41.28333333333333,141.21,08時35分,20.4
小田野沢,青森県,41.235,141.39666666666668,08時52分,20.7
今別,青森県,41.18,140.48166666666663,08時51分,19.7
脇野沢,青森県,41.145,140.82166666666666,08時56分,19.8
市浦,青森県,41.056666666666665,140.34666666666666,09時00分,18.3
蟹田,青森県,41.045,140.63333333333333,08時59分,19.9
五所川原,青森県,40.80833333333333,140.45833333333334,08時55分,18.7
青森,青森県,40.821666666666665,140.76833333333337,09時00分,19.9
野辺地,青森県,40.885,141.16,08時58分,20.2
六ケ所,青森県,40.885,141.27166666666668,08時50分,18.9
鰺ケ沢,青森県,40.77666666666666,140.205,08時52分,19.8
青森大谷,青森県,40.73333333333333,140.68833333333333,09時00分,18.1
深浦,青森県,40.645,139.93166666666667,08時47分,19.7
弘前,青森県,40.611666666666665,140.455,08時59分,19.3
黒石,青森県,40.66666666666666,140.585,09時00分,18.7
酸ケ湯,青森県,40.64833333333333,140.84833333333333,08時58分,12.9
三沢,青森県,40.675,141.375,09時00分,20.5
十和田,青森県,40.60666666666667,141.23333333333332,09時00分,19.6
八戸,青森県,40.52666666666666,141.52166666666668,08時57分,19.5
碇ケ関,青森県,40.48166666666667,140.62,08時58分,18.7
休屋,青森県,40.42666666666667,140.89833333333334,08時55分,17.1
三戸,青森県,40.38333333333333,141.25666666666666,09時00分,16.3
八森,秋田県,40.41333333333333,139.94833333333332,08時37分,20.4
能代,秋田県,40.19833333333333,140.03166666666667,09時00分,17.8
鷹巣,秋田県,40.22666666666667,140.37166666666667,09時00分,16.2
大館,秋田県,40.251666666666665,140.505,08時55分,15.5
鹿角,秋田県,40.215,140.78666666666666,09時00分,14.3
脇神,秋田県,40.19166666666667,140.37166666666667,08時41分,13.8
湯瀬,秋田県,40.12,140.84,08時56分,16.5
八幡平,秋田県,40.013333333333335,140.80166666666668,09時00分,14.7
男鹿,秋田県,39.91166666666667,139.9,08時56分,19.5
大潟,秋田県,40.0,139.95,09時00分,19.4
五城目,秋田県,39.93833333333333,140.115,09時00分,20.1
阿仁合,秋田県,39.99333333333333,140.40333333333334,08時57分,16.4
秋田,秋田県,39.71666666666667,140.09833333333333,08時56分,19.5
岩見三内,秋田県,39.70666666666666,140.28666666666666,09時00分,18.1
雄和,秋田県,39.615,140.21833333333333,08時58分,15.6
角館,秋田県,39.60333333333333,140.55666666666667,08時58分,15.8
田沢湖,秋田県,39.69833333333333,140.73166666666663,08時58分,17.5
大正寺,秋田県,39.52666666666666,140.23333333333332,08時57分,15.0
大曲,秋田県,39.49,140.495,00時03分,14.5
本荘,秋田県,39.36,140.055,08時58分,19.9
東由利,秋田県,39.305,140.28833333333333,09時00分,19.2
横手,秋田県,39.32,140.555,08時57分,18.0
にかほ,秋田県,39.255,139.91333333333333,08時59分,21.9
矢島,秋田県,39.235,140.13666666666666,09時00分,19.2
湯沢,秋田県,39.18666666666667,140.46333333333334,08時53分,15.4
湯の岱,秋田県,38.96,140.52833333333334,09時00分,17.8
種市,岩手県,40.403333333333336,141.7,09時00分,19.9
軽米,岩手県,40.325,141.46666666666667,08時55分,18.2
二戸,岩手県,40.29833333333333,141.29833333333335,08時48分,15.4
山形,岩手県,40.14833333333333,141.57166666666666,09時00分,17.2
久慈,岩手県,40.16833333333334,141.7483333333333,09時00分,20.6
荒屋,岩手県,40.10333333333333,141.05,09時00分,16.9
奥中山,岩手県,40.06,141.225,08時55分,17.0
葛巻,岩手県,40.04,141.45666666666668,09時00分,15.1
普代,岩手県,40.00333333333333,141.88333333333333,08時58分,20.9
岩手松尾,岩手県,39.95166666666667,141.065,08時55分,17.7
好摩,岩手県,39.86833333333333,141.16666666666666,09時00分,19.8
岩泉,岩手県,39.84666666666666,141.795,08時59分,20.1
小本,岩手県,39.84666666666666,141.96333333333334,09時00分,22.0
薮川,岩手県,39.78333333333333,141.32833333333335,09時00分,16.1
雫石,岩手県,39.696666666666665,140.975,09時00分,15.5
盛岡,岩手県,39.69833333333333,141.165,08時52分,19.2
区界,岩手県,39.65,141.35333333333332,08時57分,14.7
宮古,岩手県,39.64666666666667,141.965,08時53分,21.7
沢内,岩手県,39.54833333333333,140.84333333333333,09時00分,15.8
紫波,岩手県,39.54666666666667,141.1266666666667,09時00分,19.2
川井,岩手県,39.598333333333336,141.68166666666667,08時59分,18.9
花巻,岩手県,39.428333333333335,141.135,08時57分,20.0
大迫,岩手県,39.47,141.27833333333334,09時00分,18.4
山田,岩手県,39.45,141.95666666666668,08時59分,21.8
湯田,岩手県,39.31,140.77666666666667,09時00分,14.9
遠野,岩手県,39.33833333333333,141.54333333333332,09時00分,16.4
北上,岩手県,39.28833333333333,141.11,08時58分,18.9
釜石,岩手県,39.27,141.87833333333333,08時56分,22.6
若柳,岩手県,39.14,141.06333333333333,08時59分,18.9
江刺,岩手県,39.18333333333333,141.16166666666666,08時56分,20.3
住田,岩手県,39.141666666666666,141.57333333333332,09時00分,19.6
大船渡,岩手県,39.06333333333333,141.71333333333334,08時50分,22.9
一関,岩手県,38.93333333333333,141.125,09時00分,19.5
千厩,岩手県,38.92166666666667,141.33,08時55分,19.8
駒ノ湯,宮城県,38.91333333333333,140.82833333333335,09時00分,17.2
気仙沼,宮城県,38.906666666666666,141.55666666666667,09時00分,21.1
川渡,宮城県,38.74333333333333,140.76,08時53分,20.4
築館,宮城県,38.735,141.005,09時00分,20.5
米山,宮城県,38.626666666666665,141.18833333333333,09時00分,20.5
志津川,宮城県,38.681666666666665,141.44833333333332,09時00分,23.5
古川,宮城県,38.598333333333336,140.91166666666666,08時55分,20.9
大衡,宮城県,38.473333333333336,140.88833333333332,08時56分,20.0
鹿島台,宮城県,38.46,141.09166666666667,09時00分,21.2
石巻,宮城県,38.42666666666667,141.29833333333335,08時56分,20.8
女川,宮城県,38.446666666666665,141.45,08時50分,22.5
新川,宮城県,38.303333333333335,140.63666666666666,08時59分,20.5
塩釜,宮城県,38.33833333333333,141.01333333333332,08時57分,20.4
仙台,宮城県,38.26166666666666,140.89666666666668,08時56分,21.3
名取,宮城県,38.138333333333335,140.91666666666666,09時00分,21.5
白石,宮城県,38.015,140.61166666666668,09時00分,20.9
蔵王,宮城県,38.126666666666665,140.68,08時57分,21.8
亘理,宮城県,38.025,140.85833333333332,08時58分,21.4
丸森,宮城県,37.931666666666665,140.77833333333334,09時00分,20.1
飛島,山形県,39.18333333333333,139.54333333333332,08時53分,20.9
酒田,山形県,38.90833333333333,139.84333333333333,09時00分,21.5
差首鍋,山形県,38.91833333333334,140.2,09時00分,16.1
浜中,山形県,38.81166666666667,139.78666666666666,09時00分,21.1
金山,山形県,38.87833333333333,140.33166666666668,09時00分,14.8
鶴岡,山形県,38.735,139.82833333333335,08時54分,21.0
狩川,山形県,38.8,139.97333333333333,09時00分,21.7
新庄,山形県,38.75666666666667,140.31166666666667,08時59分,16.6
向町,山形県,38.75833333333333,140.51666666666668,08時58分,15.2
肘折,山形県,38.60666666666667,140.16333333333333,09時00分,19.1
尾花沢,山形県,38.60833333333333,140.41166666666666,09時00分,17.4
鼠ケ関,山形県,38.56666666666667,139.55166666666668,09時00分,22.3
村山,山形県,38.46,140.34833333333333,08時59分,19.0
東根,山形県,38.41166666666667,140.37,08時55分,19.3
大井沢,山形県,38.39,139.99333333333334,09時00分,18.0
左沢,山形県,38.37,140.19166666666666,08時58分,18.2
山形,山形県,38.255,140.345,09時00分,19.4
長井,山形県,38.105,140.015,09時00分,18.2
小国,山形県,38.07833333333333,139.735,08時57分,14.1
高畠,山形県,38.00333333333333,140.20666666666668,08時54分,18.9
高峰,山形県,37.99,139.95333333333335,08時59分,19.3
米沢,山形県,37.91166666666667,140.14333333333337,09時00分,17.9
茂庭,福島県,37.891666666666666,140.43666666666667,08時54分,19.6
梁川,福島県,37.85166666666667,140.58833333333334,09時00分,19.9
桧原,福島県,37.72166666666666,140.05833333333334,08時58分,16.6
福島,福島県,37.75833333333333,140.47,08時58分,19.4
相馬,福島県,37.78333333333333,140.925,08時59分,21.4
喜多方,福島県,37.65833333333333,139.86333333333334,09時00分,18.0
鷲倉,福島県,37.66833333333334,140.26,08時52分,15.9
飯舘,福島県,37.665,140.72666666666666,08時58分,18.1
西会津,福島県,37.58833333333333,139.65666666666667,09時00分,15.3
猪苗代,福島県,37.55166666666667,140.10833333333332,09時00分,18.3
二本松,福島県,37.583333333333336,140.43,09時00分,20.1
金山,福島県,37.473333333333336,139.52833333333334,08時59分,16.6
若松,福島県,37.48833333333334,139.91,08時53分,18.3
船引,福島県,37.435,140.57666666666665,08時54分,19.7
浪江,福島県,37.49166666666667,140.965,09時00分,22.4
只見,福島県,37.34333333333333,139.31333333333333,08時57分,16.6
郡山,福島県,37.36833333333333,140.33,08時59分,19.4
川内,福島県,37.336666666666666,140.80833333333334,09時00分,19.7
南郷,福島県,37.265,139.53666666666666,08時58分,17.3
湯本,福島県,37.27666666666666,140.06333333333333,09時00分,17.3
玉川,福島県,37.22666666666667,140.42666666666668,08時54分,19.6
小野新町,福島県,37.28666666666667,140.625,09時00分,20.3
広野,福島県,37.23333333333333,141.0,08時58分,21.6
田島,福島県,37.20666666666666,139.795,08時57分,15.4
白河,福島県,37.13166666666667,140.215,09時00分,20.0
石川,福島県,37.14666666666667,140.46,09時00分,19.6
桧枝岐,福島県,37.01,139.375,09時00分,14.0
東白川,福島県,36.93833333333333,140.40833333333333,08時56分,20.2
山田,福島県,36.93333333333333,140.73333333333332,08時54分,22.2
小名浜,福島県,36.946666666666665,140.90333333333334,09時00分,22.7
北茨城,茨城県,36.833333333333336,140.77166666666668,08時59分,22.5
大子,茨城県,36.778333333333336,140.345,09時00分,20.2
常陸大宮,茨城県,36.60666666666667,140.325,08時51分,21.4
日立,茨城県,36.58,140.645,08時58分,22.7
笠間,茨城県,36.395,140.24,08時46分,22.0
水戸,茨城県,36.38,140.46666666666667,08時59分,22.1
古河,茨城県,36.20166666666667,139.71666666666667,09時00分,20.6
下館,茨城県,36.281666666666666,139.98833333333334,08時59分,21.9
下妻,茨城県,36.16833333333334,139.945,09時00分,22.2
鉾田,茨城県,36.16833333333334,140.52666666666667,08時55分,22.4
つくば,茨城県,36.056666666666665,140.125,09時00分,22.9
土浦,茨城県,36.10333333333333,140.22,09時00分,22.7
鹿嶋,茨城県,35.96333333333333,140.62166666666667,08時59分,23.2
龍ケ崎,茨城県,35.89,140.21166666666667,09時00分,21.7
那須高原,栃木県,37.123333333333335,140.035,08時53分,17.5
五十里,栃木県,36.92166666666667,139.695,09時00分,17.8
黒磯,栃木県,36.98166666666667,140.01833333333337,08時47分,21.4
土呂部,栃木県,36.891666666666666,139.56833333333333,09時00分,17.7
大田原,栃木県,36.84,140.035,09時00分,21.1
奥日光,栃木県,36.73833333333333,139.5,08時59分,15.5
日光東町,栃木県,36.75,139.615,09時00分,19.6
塩谷,栃木県,36.75666666666667,139.88333333333333,09時00分,20.6
那須烏山,栃木県,36.641666666666666,140.11666666666667,09時00分,20.1
鹿沼,栃木県,36.59166666666667,139.735,08時53分,20.9
宇都宮,栃木県,36.54833333333333,139.86833333333334,09時00分,21.4
真岡,栃木県,36.47666666666667,139.98666666666668,09時00分,21.6
佐野,栃木県,36.36333333333334,139.57,08時44分,21.9
小山,栃木県,36.33833333333333,139.83,09時00分,21.5
藤原,群馬県,36.86333333333333,139.05833333333334,08時57分,16.2
みなかみ,群馬県,36.77333333333333,138.965,08時53分,20.2
草津,群馬県,36.61666666666667,138.59166666666667,08時59分,16.1
沼田,群馬県,36.66833333333334,139.02166666666668,08時59分,19.3
中之条,群馬県,36.586666666666666,138.85,08時54分,18.9
田代,群馬県,36.46333333333333,138.46333333333334,08時52分,15.6
前橋,群馬県,36.405,139.06,08時58分,21.6
桐生,群馬県,36.41,139.325,08時55分,21.6
上里見,群馬県,36.376666666666665,138.895,09時00分,21.9
伊勢崎,群馬県,36.33166666666666,139.165,08時55分,21.4
西野牧,群馬県,36.245,138.70666666666668,08時58分,18.4
館林,群馬県,36.24,139.51333333333332,09時00分,22.3
神流,群馬県,36.10833333333333,138.89666666666668,08時49分,18.3
寄居,埼玉県,36.105,139.18333333333334,08時56分,21.6
熊谷,埼玉県,36.15,139.38,08時57分,21.3
久喜,埼玉県,36.086666666666666,139.635,09時00分,22.4
秩父,埼玉県,35.99,139.07333333333332,09時00分,20.2
鳩山,埼玉県,35.985,139.335,08時58分,22.1
さいたま,埼玉県,35.875,139.58666666666667,08時53分,23.4
越谷,埼玉県,35.88333333333333,139.75666666666666,08時46分,23.1
所沢,埼玉県,35.77333333333333,139.41333333333333,09時00分,20.4
小河内,東京都,35.791666666666664,139.05,08時59分,17.5
青梅,東京都,35.788333333333334,139.31166666666667,08時44分,21.3
練馬,東京都,35.73833333333333,139.59166666666667,08時56分,23.1
八王子,東京都,35.666666666666664,139.31666666666666,08時57分,21.3
府中,東京都,35.68333333333333,139.48333333333332,08時51分,22.5
東京,東京都,35.69166666666667,139.75,08時59分,23.1
江戸川臨海,東京都,35.638333333333335,139.86333333333334,09時00分,22.5
羽田,東京都,35.553333333333335,139.78,08時59分,23.2
大島,東京都,34.748333333333335,139.36166666666668,09時00分,22.2
大島北ノ山,東京都,34.781666666666666,139.36,09時00分,22.7
新島,東京都,34.36833333333333,139.26833333333337,08時54分,23.7
神津島,東京都,34.18833333333333,139.13333333333333,00時10分,23.0
三宅島,東京都,34.123333333333335,139.52,00時18分,24.5
三宅坪田,東京都,34.07333333333333,139.56,00時01分,24.7
八重見ヶ原,東京都,33.115,139.785,00時16分,24.3
八丈島,東京都,33.12166666666667,139.77833333333334,00時25分,23.7
父島,東京都,27.091666666666665,142.19,08時07分,29.5
我孫子,千葉県,35.86333333333333,140.11,08時59分,21.9
香取,千葉県,35.858333333333334,140.5016666666667,08時12分,22.9
船橋,千葉県,35.711666666666666,140.04333333333332,09時00分,22.2
佐倉,千葉県,35.72833333333333,140.21166666666667,09時00分,21.9
成田,千葉県,35.763333333333335,140.385,08時56分,22.7
銚子,千葉県,35.73833333333333,140.85666666666663,08時58分,23.9
横芝光,千葉県,35.655,140.505,08時56分,23.0
千葉,千葉県,35.60166666666667,140.10333333333332,08時59分,22.2
茂原,千葉県,35.43666666666667,140.29333333333332,08時54分,22.4
木更津,千葉県,35.361666666666665,139.94,01時20分,21.7
牛久,千葉県,35.39666666666667,140.14833333333334,09時00分,21.2
坂畑,千葉県,35.235,140.09833333333333,08時41分,20.5
鴨川,千葉県,35.111666666666665,140.1,07時44分,22.6
勝浦,千葉県,35.15,140.31166666666667,08時56分,22.2
館山,千葉県,34.986666666666665,139.865,08時26分,22.7
海老名,神奈川県,35.43333333333333,139.38666666666666,09時00分,21.3
横浜,神奈川県,35.43833333333333,139.65166666666667,08時58分,22.6
辻堂,神奈川県,35.32,139.45,09時00分,22.5
小田原,神奈川県,35.276666666666664,139.155,09時00分,23.3
三浦,神奈川県,35.178333333333335,139.63,08時57分,22.6
野沢温泉,長野県,36.91166666666667,138.44166666666666,09時00分,15.7
信濃町,長野県,36.80833333333333,138.19666666666666,08時48分,17.6
飯山,長野県,36.875,138.375,09時00分,17.8
白馬,長野県,36.69833333333333,137.86166666666668,09時00分,18.0
長野,長野県,36.66166666666667,138.19166666666666,08時58分,18.9
大町,長野県,36.52333333333333,137.83166666666668,08時47分,18.7
信州新町,長野県,36.54833333333333,137.99666666666667,08時58分,17.3
菅平,長野県,36.531666666666666,138.325,09時00分,15.1
上田,長野県,36.4,138.265,08時46分,18.3
穂高,長野県,36.34333333333333,137.88166666666666,08時58分,19.3
東御,長野県,36.38333333333333,138.38333333333333,08時55分,15.9
軽井沢,長野県,36.34166666666667,138.54666666666665,08時56分,15.5
松本,長野県,36.24666666666667,137.97,09時00分,19.0
松本今井,長野県,36.16666666666666,137.92166666666665,08時55分,18.9
立科,長野県,36.27166666666667,138.31333333333333,09時00分,17.9
佐久,長野県,36.24666666666667,138.47666666666666,08時58分,18.1
奈川,長野県,36.08833333333333,137.68333333333334,09時00分,16.9
諏訪,長野県,36.045,138.10833333333332,09時00分,17.9
開田高原,長野県,35.93833333333333,137.60166666666666,08時53分,16.0
木祖薮原,長野県,35.93666666666667,137.78666666666666,08時53分,17.4
辰野,長野県,35.983333333333334,137.98333333333332,09時00分,19.2
原村,長野県,35.97,138.22,08時56分,16.1
野辺山,長野県,35.94833333333333,138.47166666666666,08時49分,15.3
木曽福島,長野県,35.84,137.68833333333333,08時58分,21.1
伊那,長野県,35.825,137.955,08時59分,21.0
南木曽,長野県,35.61,137.62,09時00分,19.3
飯島,長野県,35.653333333333336,137.89833333333334,09時00分,19.5
飯田,長野県,35.52333333333333,137.82166666666666,08時58分,20.7
浪合,長野県,35.373333333333335,137.69166666666666,08時57分,17.1
南信濃,長野県,35.321666666666665,137.93166666666667,08時23分,20.2
大泉,山梨県,35.861666666666665,138.38666666666666,09時00分,19.6
韮崎,山梨県,35.693333333333335,138.44833333333332,08時51分,22.7
甲府,山梨県,35.666666666666664,138.55333333333334,08時52分,22.5
勝沼,山梨県,35.663333333333334,138.725,08時57分,22.0
大月,山梨県,35.608333333333334,138.93833333333333,08時36分,20.4
古関,山梨県,35.528333333333336,138.615,09時00分,19.5
切石,山梨県,35.46666666666667,138.44166666666666,08時59分,21.4
河口湖,山梨県,35.5,138.76,08時44分,17.5
山中,山梨県,35.43666666666667,138.83666666666667,08時54分,18.2
南部,山梨県,35.288333333333334,138.445,08時52分,23.4
井川,静岡県,35.21666666666667,138.22166666666666,08時57分,19.8
御殿場,静岡県,35.305,138.92666666666668,08時45分,20.7
富士,静岡県,35.185,138.66333333333333,09時00分,24.5
三島,静岡県,35.11333333333334,138.925,09時00分,24.3
熱海伊豆山,静岡県,35.115,139.08333333333334,06時53分,21.3
佐久間,静岡県,35.056666666666665,137.76166666666666,09時00分,22.3
川根本町,静岡県,35.10166666666667,138.12833333333333,08時52分,24.6
清水,静岡県,35.053333333333335,138.52166666666668,08時59分,26.9
網代,静岡県,35.045,139.09166666666667,06時03分,23.0
静岡,静岡県,34.975,138.40333333333334,08時57分,25.8
天竜,静岡県,34.89,137.81333333333333,08時58分,24.0
浜松,静岡県,34.75333333333333,137.71166666666667,08時59分,24.5
菊川牧之原,静岡県,34.785,138.13833333333332,09時00分,22.3
静岡空港,静岡県,34.795,138.18833333333333,08時53分,23.2
松崎,静岡県,34.755,138.78333333333333,04時47分,24.4
稲取,静岡県,34.781666666666666,139.04833333333335,05時43分,22.2
磐田,静岡県,34.69166666666667,137.88,09時00分,24.6
御前崎,静岡県,34.60333333333333,138.21333333333334,08時16分,25.5
石廊崎,静岡県,34.60333333333333,138.84166666666667,05時44分,23.5
愛西,愛知県,35.21666666666667,136.69833333333332,08時59分,24.9
稲武,愛知県,35.211666666666666,137.50666666666666,08時59分,20.3
名古屋,愛知県,35.166666666666664,136.965,08時59分,24.5
豊田,愛知県,35.13166666666667,137.17666666666668,09時00分,25.1
大府,愛知県,34.995,136.94333333333333,09時00分,25.3
岡崎,愛知県,34.91833333333334,137.19333333333333,08時54分,24.8
新城,愛知県,34.906666666666666,137.51833333333337,08時39分,22.9
セントレア,愛知県,34.858333333333334,136.805,08時58分,24.9
蒲郡,愛知県,34.845,137.21666666666667,08時36分,23.7
南知多,愛知県,34.74,136.93833333333333,09時00分,22.9
豊橋,愛知県,34.75,137.34166666666667,08時32分,24.3
伊良湖,愛知県,34.62833333333333,137.09333333333333,08時20分,24.0
河合,岐阜県,36.305,137.1,09時00分,17.2
神岡,岐阜県,36.321666666666665,137.30833333333334,09時00分,17.4
白川,岐阜県,36.27333333333333,136.89666666666668,08時58分,17.5
栃尾,岐阜県,36.248333333333335,137.50333333333333,08時58分,18.0
高山,岐阜県,36.155,137.25333333333333,09時00分,17.4
六厩,岐阜県,36.06,137.035,08時56分,17.5
宮之前,岐阜県,36.015,137.38833333333332,09時00分,17.5
長滝,岐阜県,35.92333333333333,136.83166666666668,08時50分,21.0
萩原,岐阜県,35.888333333333335,137.20666666666668,08時58分,20.8
八幡,岐阜県,35.75666666666667,136.97833333333332,08時46分,21.2
宮地,岐阜県,35.763333333333335,137.28833333333333,09時00分,21.7
樽見,岐阜県,35.638333333333335,136.60166666666666,09時00分,20.9
金山,岐阜県,35.66166666666667,137.16,09時00分,21.5
美濃,岐阜県,35.555,136.91,08時58分,24.5
黒川,岐阜県,35.598333333333336,137.31833333333333,08時58分,21.6
揖斐川,岐阜県,35.485,136.56666666666666,08時36分,23.7
美濃加茂,岐阜県,35.445,137.005,08時51分,23.2
恵那,岐阜県,35.446666666666665,137.40333333333334,09時00分,21.7
中津川,岐阜県,35.47666666666667,137.48666666666668,08時54分,23.7
関ケ原,岐阜県,35.36333333333334,136.46666666666667,08時57分,23.5
大垣,岐阜県,35.346666666666664,136.62,09時00分,24.9
岐阜,岐阜県,35.4,136.76166666666666,08時52分,24.5
多治見,岐阜県,35.346666666666664,137.10833333333332,09時00分,24.7
桑名,三重県,35.05,136.69333333333333,09時00分,24.5
四日市,三重県,34.94,136.58,09時00分,24.3
亀山,三重県,34.87,136.45333333333335,09時00分,24.4
上野,三重県,34.76166666666667,136.14166666666668,08時54分,22.5
津,三重県,34.733333333333334,136.51833333333337,08時43分,24.7
小俣,三重県,34.528333333333336,136.665,09時00分,23.2
粥見,三重県,34.44833333333333,136.39,09時00分,20.3
鳥羽,三重県,34.48166666666667,136.825,09時00分,22.6
南伊勢,三重県,34.345,136.68166666666667,08時48分,23.5
紀伊長島,三重県,34.208333333333336,136.32666666666665,02時24分,24.2
尾鷲,三重県,34.068333333333335,136.19333333333333,,
熊野新鹿,三重県,33.931666666666665,136.13833333333332,08時01分,24.4
粟島,新潟県,38.465,139.25333333333333,08時59分,23.6
弾崎,新潟県,38.33,138.51166666666666,08時26分,22.7
村上,新潟県,38.22666666666667,139.47833333333332,09時00分,21.6
相川,新潟県,38.028333333333336,138.24,09時00分,23.5
両津,新潟県,38.07333333333333,138.44,08時56分,24.0
中条,新潟県,38.07666666666667,139.38833333333332,08時50分,22.3
下関,新潟県,38.09166666666667,139.56333333333333,09時00分,20.3
新潟,新潟県,37.89333333333333,139.01833333333337,08時59分,23.8
松浜,新潟県,37.955,139.11166666666668,08時52分,22.7
羽茂,新潟県,37.84166666666667,138.31333333333333,08時48分,23.7
新津,新潟県,37.79166666666666,139.08666666666667,08時59分,24.0
巻,新潟県,37.76833333333333,138.91333333333333,09時00分,22.8
寺泊,新潟県,37.64,138.76666666666668,09時00分,21.6
三条,新潟県,37.64,138.955,09時00分,22.3
津川,新潟県,37.67166666666667,139.44666666666666,08時57分,18.8
長岡,新潟県,37.45,138.82333333333332,08時57分,21.5
柏崎,新潟県,37.35166666666667,138.55333333333334,08時47分,22.6
守門,新潟県,37.34666666666666,139.04333333333332,09時00分,19.7
大潟,新潟県,37.225,138.325,09時00分,24.4
小出,新潟県,37.22666666666667,138.96333333333334,08時59分,19.9
高田,新潟県,37.10666666666667,138.24666666666667,09時00分,23.2
安塚,新潟県,37.10666666666667,138.45666666666668,08時58分,21.4
十日町,新潟県,37.14333333333333,138.72666666666666,09時00分,20.0
糸魚川,新潟県,37.04333333333334,137.875,09時00分,25.3
能生,新潟県,37.083333333333336,138.02333333333334,09時00分,22.6
関山,新潟県,36.93333333333333,138.22166666666666,09時00分,20.9
津南,新潟県,36.99666666666667,138.68333333333334,09時00分,18.3
湯沢,新潟県,36.94166666666667,138.81,08時52分,18.9
朝日,富山県,36.93666666666667,137.56333333333333,08時56分,23.7
氷見,富山県,36.86333333333333,136.96,08時58分,24.7
魚津,富山県,36.821666666666665,137.42833333333334,08時34分,22.6
伏木,富山県,36.79166666666666,137.055,08時46分,25.2
富山,富山県,36.708333333333336,137.20166666666665,08時48分,23.1
砺波,富山県,36.61,136.955,08時59分,22.8
秋ヶ島,富山県,36.64833333333333,137.18666666666667,09時00分,23.2
上市,富山県,36.67,137.42333333333335,08時59分,20.9
南砺高宮,富山県,36.545,136.87166666666667,08時59分,23.3
八尾,富山県,36.57,137.15833333333333,08時54分,22.3
珠洲,石川県,37.446666666666665,137.28666666666666,08時57分,23.9
輪島,石川県,37.39,136.895,08時47分,25.5
三井,石川県,37.29333333333334,136.96166666666667,08時50分,22.5
志賀,石川県,37.14333333333333,136.725,08時47分,24.4
七尾,石川県,37.03,136.99166666666667,09時00分,23.4
羽咋,石川県,36.89333333333333,136.77666666666667,08時56分,24.7
かほく,石川県,36.711666666666666,136.69166666666666,08時50分,25.2
金沢,石川県,36.58833333333333,136.63333333333333,08時59分,24.9
小松,石川県,36.38166666666667,136.435,09時00分,25.3
白山河内,石川県,36.39666666666667,136.62,08時55分,23.7
加賀中津原,石川県,36.26166666666666,136.39666666666668,09時00分,23.6
三国,福井県,36.24333333333333,136.17333333333335,09時00分,24.9
春江,福井県,36.141666666666666,136.22333333333333,08時59分,23.0
越廼,福井県,36.01166666666666,135.99,09時00分,23.1
福井,福井県,36.055,136.22166666666666,09時00分,22.0
勝山,福井県,36.03833333333333,136.52166666666668,08時54分,20.1
大野,福井県,35.971666666666664,136.49666666666667,08時56分,20.3
今庄,福井県,35.766666666666666,136.2,09時00分,19.9
敦賀,福井県,35.653333333333336,136.06166666666667,08時43分,23.1
美浜,福井県,35.6,135.91666666666666,08時58分,24.0
小浜,福井県,35.483333333333334,135.78166666666667,09時00分,23.7
今津,滋賀県,35.41166666666667,136.02833333333334,08時30分,24.5
長浜,滋賀県,35.42333333333333,136.24166666666667,08時54分,22.8
米原,滋賀県,35.38333333333333,136.34333333333333,09時00分,22.6
南小松,滋賀県,35.235,135.95666666666668,08時47分,24.2
彦根,滋賀県,35.275,136.24333333333334,08時57分,23.8
東近江,滋賀県,35.06166666666667,136.19,08時53分,23.6
大津,滋賀県,34.99166666666667,135.91166666666666,08時59分,24.0
信楽,滋賀県,34.913333333333334,136.08,08時53分,22.2
土山,滋賀県,34.93833333333333,136.27833333333334,08時57分,22.4
間人,京都府,35.736666666666665,135.08666666666667,08時51分,24.4
宮津,京都府,35.55,135.235,07時55分,25.3
舞鶴,京都府,35.45,135.31666666666666,08時31分,25.7
福知山,京都府,35.31166666666667,135.11333333333334,08時42分,25.7
美山,京都府,35.275,135.55,09時00分,24.0
園部,京都府,35.108333333333334,135.455,09時00分,24.9
京都,京都府,35.013333333333335,135.73166666666663,08時56分,25.2
京田辺,京都府,34.83,135.76,08時59分,24.1
能勢,大阪府,34.94833333333333,135.455,09時00分,24.0
枚方,大阪府,34.80833333333333,135.67166666666665,08時58分,25.3
豊中,大阪府,34.78333333333333,135.43833333333333,08時59分,25.0
大阪,大阪府,34.681666666666665,135.51833333333337,08時58分,24.9
生駒山,大阪府,34.675,135.67666666666668,09時00分,20.1
堺,大阪府,34.555,135.485,09時00分,24.7
八尾,大阪府,34.596666666666664,135.6,08時59分,25.1
関空島,大阪府,34.43333333333333,135.23166666666663,09時00分,24.6
熊取,大阪府,34.385,135.35,08時55分,24.1
香住,兵庫県,35.625,134.6266666666667,09時00分,25.8
豊岡,兵庫県,35.535,134.82166666666666,08時57分,24.2
兎和野高原,兵庫県,35.431666666666665,134.58333333333334,08時41分,20.1
和田山,兵庫県,35.32333333333333,134.84833333333333,08時59分,22.3
生野,兵庫県,35.166666666666664,134.79166666666666,08時58分,21.6
柏原,兵庫県,35.13666666666666,135.065,08時58分,25.4
一宮,兵庫県,35.096666666666664,134.585,08時59分,23.4
福崎,兵庫県,34.95,134.7483333333333,08時44分,26.1
西脇,兵庫県,34.998333333333335,134.99666666666667,08時58分,25.4
上郡,兵庫県,34.858333333333334,134.3733333333333,09時00分,23.5
姫路,兵庫県,34.83833333333333,134.67,08時28分,25.9
三田,兵庫県,34.895,135.21166666666667,08時49分,24.1
三木,兵庫県,34.776666666666664,135.01333333333332,08時59分,24.8
家島,兵庫県,34.67166666666667,134.52666666666667,08時53分,25.8
明石,兵庫県,34.68666666666667,134.8766666666667,08時57分,26.2
神戸空港,兵庫県,34.63166666666667,135.22333333333333,09時00分,25.6
神戸,兵庫県,34.696666666666665,135.21166666666667,08時58分,26.0
郡家,兵庫県,34.46666666666667,134.84833333333333,08時45分,26.9
洲本,兵庫県,34.31,134.84833333333333,08時45分,25.0
南淡,兵庫県,34.218333333333334,134.72,08時55分,25.5
奈良,奈良県,34.67333333333333,135.83666666666667,09時00分,23.9
針,奈良県,34.605,135.95166666666665,08時45分,20.7
大宇陀,奈良県,34.48833333333334,135.93166666666667,08時35分,19.6
五條,奈良県,34.38,135.73,08時58分,21.3
上北山,奈良県,34.13666666666666,136.005,09時00分,19.0
風屋,奈良県,34.045,135.78666666666666,09時00分,19.0
かつらぎ,和歌山県,34.31,135.52833333333334,08時34分,21.7
友ケ島,和歌山県,34.28,134.9983333333333,09時00分,23.9
和歌山,和歌山県,34.22833333333333,135.16333333333333,08時57分,24.6
高野山,和歌山県,34.221666666666664,135.59,08時38分,17.2
清水,和歌山県,34.086666666666666,135.425,08時51分,19.4
龍神,和歌山県,33.945,135.55666666666667,09時00分,19.6
川辺,和歌山県,33.89333333333333,135.21666666666667,08時36分,23.4
栗栖川,和歌山県,33.791666666666664,135.51333333333332,08時48分,21.8
新宮,和歌山県,33.68666666666667,135.97,00時59分,24.8
南紀白浜,和歌山県,33.66166666666667,135.36333333333334,08時06分,23.7
西川,和歌山県,33.638333333333335,135.71,08時23分,21.0
潮岬,和歌山県,33.45,135.75666666666666,00時02分,23.6
上長田,岡山県,35.29666666666667,133.725,08時43分,22.0
千屋,岡山県,35.10333333333333,133.435,09時00分,21.3
奈義,岡山県,35.111666666666665,134.17,08時58分,24.6
今岡,岡山県,35.098333333333336,134.325,08時51分,24.2
久世,岡山県,35.068333333333335,133.75333333333333,09時00分,23.7
津山,岡山県,35.06333333333333,134.00833333333333,08時52分,24.9
新見,岡山県,34.943333333333335,133.51833333333337,09時00分,22.7
福渡,岡山県,34.86666666666667,133.90333333333334,09時00分,22.2
和気,岡山県,34.815,134.18333333333334,09時00分,23.5
高梁,岡山県,34.791666666666664,133.61,08時53分,21.5
日応寺,岡山県,34.75666666666667,133.855,08時49分,23.3
岡山,岡山県,34.685,133.925,08時57分,24.4
虫明,岡山県,34.681666666666665,134.20666666666668,09時00分,24.7
倉敷,岡山県,34.59,133.76833333333337,08時59分,24.1
笠岡,岡山県,34.501666666666665,133.495,09時00分,25.4
玉野,岡山県,34.486666666666665,133.95,08時58分,24.9
高野,広島県,35.03333333333333,132.90166666666667,08時51分,20.8
三次,広島県,34.81166666666667,132.85,08時48分,19.7
庄原,広島県,34.86,133.02333333333334,08時52分,19.9
大朝,広島県,34.76833333333333,132.46333333333334,08時41分,21.4
油木,広島県,34.763333333333335,133.27833333333334,08時59分,20.9
加計,広島県,34.61,132.32,08時48分,21.4
三入,広島県,34.545,132.53,08時59分,23.4
世羅,広島県,34.583333333333336,133.05,08時55分,23.6
府中,広島県,34.56166666666667,133.23166666666663,08時55分,24.6
東広島,広島県,34.416666666666664,132.7,08時56分,23.1
本郷,広島県,34.435,132.91833333333332,08時52分,23.2
福山,広島県,34.446666666666665,133.24666666666667,08時59分,25.2
廿日市津田,広島県,34.365,132.19,08時57分,22.4
広島,広島県,34.39833333333333,132.46166666666667,09時00分,23.7
竹原,広島県,34.33,132.98166666666663,08時55分,24.7
生口島,広島県,34.278333333333336,133.1233333333333,08時59分,26.1
大竹,広島県,34.221666666666664,132.22,09時00分,25.0
呉,広島県,34.24,132.55,09時00分,25.9
呉市蒲刈,広島県,34.165,132.7483333333333,08時56分,24.2
西郷,島根県,36.20333333333333,133.33333333333334,08時43分,23.6
西郷岬,島根県,36.178333333333335,133.32333333333332,08時45分,23.0
海士,島根県,36.09666666666666,133.09666666666666,07時43分,22.7
鹿島,島根県,35.52,132.98333333333332,08時35分,25.8
斐川,島根県,35.413333333333334,132.89,09時00分,25.9
松江,島根県,35.45666666666666,133.065,08時39分,25.7
出雲,島根県,35.33166666666666,132.73,08時55分,25.3
大田,島根県,35.19,132.49666666666667,08時46分,25.2
掛合,島根県,35.196666666666665,132.815,08時58分,19.9
横田,島根県,35.17333333333333,133.10333333333332,09時00分,22.2
赤名,島根県,35.001666666666665,132.71166666666667,08時57分,22.1
川本,島根県,34.97666666666667,132.49166666666667,09時00分,21.1
浜田,島根県,34.89666666666667,132.07,09時00分,24.7
瑞穂,島根県,34.85333333333333,132.53,09時00分,22.8
弥栄,島根県,34.776666666666664,132.10833333333332,08時51分,21.2
高津,島根県,34.675,131.79,09時00分,24.0
益田,島根県,34.67666666666667,131.84333333333333,09時00分,25.0
津和野,島根県,34.461666666666666,131.77,08時58分,20.8
吉賀,島根県,34.391666666666666,131.89333333333337,09時00分,18.1
境,鳥取県,35.54333333333334,133.235,08時38分,25.6
塩津,鳥取県,35.52333333333333,133.56666666666666,08時59分,25.6
青谷,鳥取県,35.52,133.99666666666667,08時26分,24.6
湖山,鳥取県,35.53,134.165,08時58分,22.0
岩井,鳥取県,35.55833333333333,134.36,08時57分,24.5
米子,鳥取県,35.43333333333333,133.33833333333334,09時00分,26.1
倉吉,鳥取県,35.473333333333336,133.83833333333334,08時57分,25.3
鳥取,鳥取県,35.486666666666665,134.23833333333334,08時58分,23.2
智頭,鳥取県,35.263333333333335,134.24,08時55分,23.2
茶屋,鳥取県,35.18666666666667,133.23,09時00分,22.0
池田,徳島県,34.02333333333333,133.795,08時59分,20.5
穴吹,徳島県,34.04,134.15666666666667,09時00分,23.3
徳島,徳島県,34.06666666666667,134.57333333333332,09時00分,24.6
京上,徳島県,33.86666666666667,133.90333333333334,08時42分,22.7
蒲生田,徳島県,33.836666666666666,134.74166666666667,08時41分,24.2
木頭,徳島県,33.77166666666667,134.19833333333332,09時00分,20.0
日和佐,徳島県,33.73166666666667,134.53833333333333,09時00分,24.6
海陽,徳島県,33.611666666666665,134.355,08時26分,25.5
内海,香川県,34.471666666666664,134.27333333333334,08時44分,26.6
高松,香川県,34.318333333333335,134.05333333333334,08時56分,24.5
多度津,香川県,34.275,133.7516666666667,08時59分,24.7
滝宮,香川県,34.236666666666665,133.92333333333335,08時59分,24.8
香南,香川県,34.21333333333333,134.015,08時57分,23.5
引田,香川県,34.21333333333333,134.40666666666667,08時52分,24.8
財田,香川県,34.12,133.77166666666668,09時00分,24.9
大三島,愛媛県,34.25,133.00666666666666,08時50分,25.0
今治,愛媛県,34.053333333333335,132.975,09時00分,25.3
西条,愛媛県,33.915,133.08,08時58分,24.4
新居浜,愛媛県,33.93666666666667,133.33833333333334,09時00分,23.6
四国中央,愛媛県,33.98166666666667,133.58166666666668,08時28分,23.7
松山,愛媛県,33.843333333333334,132.77666666666667,08時56分,26.3
松山南吉田,愛媛県,33.82666666666667,132.69833333333332,09時00分,26.7
長浜,愛媛県,33.61666666666667,132.48,08時59分,24.3
久万,愛媛県,33.663333333333334,132.895,08時59分,21.3
大洲,愛媛県,33.50833333333333,132.535,09時00分,24.3
瀬戸,愛媛県,33.446666666666665,132.25666666666666,09時00分,23.0
宇和,愛媛県,33.36666666666667,132.50333333333333,09時00分,23.2
宇和島,愛媛県,33.22666666666667,132.55166666666668,08時58分,24.6
近永,愛媛県,33.25333333333333,132.675,09時00分,24.0
御荘,愛媛県,32.96333333333333,132.57,09時00分,26.0
本川,高知県,33.765,133.33833333333334,08時58分,19.5
本山,高知県,33.75333333333333,133.575,09時00分,22.0
大栃,高知県,33.69833333333333,133.875,08時58分,21.0
高知,高知県,33.56666666666667,133.54833333333335,08時56分,26.3
後免,高知県,33.59,133.64333333333337,08時55分,25.9
南国日章,高知県,33.545,133.66833333333332,09時00分,26.5
安芸,高知県,33.48833333333334,133.93333333333334,09時00分,25.8
梼原,高知県,33.39,132.92166666666665,00時38分,18.1
須崎,高知県,33.385,133.27666666666667,08時56分,25.8
窪川,高知県,33.20666666666666,133.12833333333333,08時56分,23.2
室戸岬,高知県,33.251666666666665,134.17666666666668,09時00分,23.7
江川崎,高知県,33.17,132.79166666666666,08時56分,24.2
佐賀,高知県,33.07833333333333,133.10166666666666,08時58分,24.0
宿毛,高知県,32.92,132.695,09時00分,26.3
中村,高知県,32.99,132.92,08時55分,23.7
清水,高知県,32.721666666666664,133.01,08時31分,26.2
須佐,山口県,34.615,131.6233333333333,08時51分,24.3
萩,山口県,34.41,131.405,09時00分,24.7
油谷,山口県,34.37,131.055,09時00分,24.8
徳佐,山口県,34.39833333333333,131.725,09時00分,21.4
秋吉台,山口県,34.235,131.30666666666667,08時58分,22.3
広瀬,山口県,34.26166666666666,131.95166666666665,09時00分,24.2
豊田,山口県,34.18666666666667,131.07666666666665,08時59分,24.3
山口,山口県,34.16166666666667,131.46166666666667,08時52分,22.8
岩国,山口県,34.155,132.17833333333334,09時00分,24.6
防府,山口県,34.04,131.53333333333333,09時00分,24.3
下松,山口県,34.01,131.87166666666667,09時00分,24.3
玖珂,山口県,34.095,132.075,08時55分,24.5
下関,山口県,33.94833333333333,130.925,09時00分,25.1
宇部,山口県,33.93,131.27833333333334,08時55分,25.1
柳井,山口県,33.958333333333336,132.11333333333334,08時58分,25.1
安下庄,山口県,33.903333333333336,132.29333333333332,09時00分,24.9
宗像,福岡県,33.80833333333333,130.53833333333333,08時59分,24.6
八幡,福岡県,33.85166666666667,130.74333333333334,08時58分,25.0
空港北町,福岡県,33.845,131.035,09時00分,24.8
行橋,福岡県,33.71333333333333,130.975,09時00分,24.9
飯塚,福岡県,33.651666666666664,130.69333333333333,09時00分,23.8
前原,福岡県,33.56,130.19,09時00分,24.7
福岡,福岡県,33.58166666666666,130.375,09時00分,25.2
博多,福岡県,33.583333333333336,130.45166666666665,09時00分,24.8
太宰府,福岡県,33.49666666666667,130.49,09時00分,24.6
添田,福岡県,33.55833333333333,130.855,08時57分,23.6
朝倉,福岡県,33.406666666666666,130.695,08時55分,24.0
久留米,福岡県,33.303333333333335,130.49333333333334,09時00分,24.4
黒木,福岡県,33.225,130.645,08時49分,23.4
大牟田,福岡県,33.00666666666667,130.46666666666667,09時00分,25.0
国見,大分県,33.678333333333335,131.575,09時00分,24.3
中津,大分県,33.586666666666666,131.245,08時59分,24.4
豊後高田,大分県,33.57,131.43333333333334,08時54分,24.2
院内,大分県,33.42,131.31666666666666,08時59分,23.3
杵築,大分県,33.416666666666664,131.59666666666666,09時00分,24.9
武蔵,大分県,33.47833333333333,131.73666666666668,09時00分,25.2
日田,大分県,33.321666666666665,130.92833333333334,08時59分,24.2
玖珠,大分県,33.291666666666664,131.155,08時51分,21.9
湯布院,大分県,33.25333333333333,131.34666666666666,08時49分,20.9
大分,大分県,33.235,131.61833333333334,00時13分,24.6
犬飼,大分県,33.065,131.63166666666666,08時52分,23.7
竹田,大分県,32.973333333333336,131.39833333333334,08時57分,21.9
佐伯,大分県,32.95,131.90166666666667,08時55分,24.4
宇目,大分県,32.845,131.675,08時56分,23.5
蒲江,大分県,32.795,131.92333333333335,09時00分,24.9
鰐浦,長崎県,34.69833333333333,129.445,03時00分,24.3
厳原,長崎県,34.196666666666665,129.29166666666666,07時32分,25.3
美津島,長崎県,34.285,129.33,08時47分,24.6
芦辺,長崎県,33.8,129.72166666666666,08時58分,24.3
石田,長崎県,33.748333333333335,129.785,09時00分,25.3
平戸,長崎県,33.36,129.55,08時45分,24.2
松浦,長崎県,33.34166666666667,129.71166666666667,08時53分,24.3
佐世保,長崎県,33.15833333333333,129.72666666666666,08時48分,25.9
西海,長崎県,33.013333333333335,129.65166666666667,08時58分,24.5
有川,長崎県,32.98166666666667,129.11833333333334,09時00分,24.8
大村,長崎県,32.916666666666664,129.91333333333333,09時00分,26.2
長崎,長崎県,32.733333333333334,129.86666666666667,08時56分,25.2
雲仙岳,長崎県,32.736666666666665,130.26166666666666,00時42分,22.0
島原,長崎県,32.76,130.36166666666668,09時00分,25.0
福江,長崎県,32.693333333333335,128.82666666666665,08時32分,24.8
上大津,長崎県,32.665,128.83166666666668,08時34分,24.8
口之津,長崎県,32.611666666666665,130.19333333333333,08時56分,26.2
脇岬,長崎県,32.58166666666666,129.77666666666667,00時18分,24.9
唐津,佐賀県,33.458333333333336,129.955,08時59分,25.3
伊万里,佐賀県,33.266666666666666,129.87833333333333,08時58分,24.2
佐賀,佐賀県,33.265,130.305,08時57分,24.9
嬉野,佐賀県,33.11666666666667,129.995,09時00分,23.1
白石,佐賀県,33.18333333333333,130.14833333333334,08時59分,24.0
川副,佐賀県,33.14833333333333,130.30166666666668,08時47分,24.1
鹿北,熊本県,33.115,130.69166666666666,08時36分,24.0
南小国,熊本県,33.10333333333333,131.06666666666666,08時57分,21.0
岱明,熊本県,32.915,130.51166666666666,09時00分,25.2
菊池,熊本県,32.945,130.78166666666667,09時00分,24.2
阿蘇乙姫,熊本県,32.946666666666665,131.04,09時00分,20.9
熊本,熊本県,32.81333333333333,130.70666666666668,08時54分,25.7
益城,熊本県,32.836666666666666,130.855,08時56分,24.6
南阿蘇,熊本県,32.83166666666666,131.01333333333332,09時00分,21.8
高森,熊本県,32.821666666666665,131.125,00時04分,20.0
三角,熊本県,32.611666666666665,130.47833333333332,08時59分,25.1
甲佐,熊本県,32.67166666666667,130.81666666666666,00時04分,25.5
松島,熊本県,32.515,130.44666666666666,00時13分,25.3
本渡,熊本県,32.468333333333334,130.18,00時29分,25.2
八代,熊本県,32.473333333333336,130.60666666666663,09時00分,25.6
水俣,熊本県,32.205,130.40666666666667,08時47分,24.8
人吉,熊本県,32.21666666666667,130.755,08時56分,23.5
上,熊本県,32.225,130.905,08時50分,22.9
牛深,熊本県,32.196666666666665,130.02666666666667,09時00分,26.5
高千穂,宮崎県,32.711666666666666,131.29,08時58分,21.9
古江,宮崎県,32.711666666666666,131.82,09時00分,24.1
鞍岡,宮崎県,32.64333333333333,131.15666666666667,08時52分,20.8
延岡,宮崎県,32.58166666666666,131.65666666666667,08時58分,24.8
日向,宮崎県,32.40833333333333,131.6,08時52分,24.8
神門,宮崎県,32.385,131.33166666666668,09時00分,24.0
西米良,宮崎県,32.24,131.15166666666667,08時50分,21.8
高鍋,宮崎県,32.123333333333335,131.475,08時58分,24.4
加久藤,宮崎県,32.04666666666667,130.81,09時00分,25.3
西都,宮崎県,32.06333333333333,131.41333333333333,09時00分,25.7
小林,宮崎県,32.0,130.95333333333335,09時00分,23.9
宮崎,宮崎県,31.938333333333333,131.41333333333333,09時00分,26.2
田野,宮崎県,31.843333333333334,131.30833333333334,08時59分,24.8
赤江,宮崎県,31.876666666666665,131.44833333333332,00時46分,26.1
都城,宮崎県,31.73,131.08166666666668,08時51分,25.9
油津,宮崎県,31.578333333333333,131.40666666666667,00時06分,25.5
串間,宮崎県,31.465,131.22,08時20分,25.3
阿久根,鹿児島県,32.026666666666664,130.2,09時00分,24.8
大口,鹿児島県,32.04666666666667,130.6266666666667,09時00分,26.2
さつま柏原,鹿児島県,31.916666666666668,130.455,08時57分,25.9
中甑,鹿児島県,31.835,129.86666666666667,09時00分,25.8
川内,鹿児島県,31.83333333333333,130.315,08時58分,27.7
溝辺,鹿児島県,31.80333333333333,130.71833333333333,08時51分,25.7
東市来,鹿児島県,31.668333333333333,130.32833333333335,08時50分,27.4
牧之原,鹿児島県,31.661666666666665,130.84333333333333,08時40分,24.3
鹿児島,鹿児島県,31.555,130.54666666666665,08時52分,28.0
輝北,鹿児島県,31.58833333333333,130.855,09時00分,23.6
加世田,鹿児島県,31.415,130.325,09時00分,27.8
志布志,鹿児島県,31.47833333333333,131.095,08時02分,24.3
喜入,鹿児島県,31.386666666666667,130.54,09時00分,27.7
鹿屋,鹿児島県,31.391666666666666,130.86333333333334,08時44分,25.6
肝付前田,鹿児島県,31.34,130.93833333333333,08時28分,25.2
枕崎,鹿児島県,31.27166666666667,130.29166666666666,08時55分,28.0
指宿,鹿児島県,31.25,130.63666666666666,09時00分,27.1
内之浦,鹿児島県,31.276666666666667,131.055,08時59分,26.0
田代,鹿児島県,31.19833333333333,130.84333333333333,08時50分,24.8
種子島,鹿児島県,30.72,130.98166666666663,08時35分,27.2
中種子,鹿児島県,30.605,130.99166666666667,08時31分,24.9
上中,鹿児島県,30.406666666666663,130.90166666666667,08時37分,25.4
屋久島,鹿児島県,30.385,130.65833333333333,08時56分,26.8
尾之間,鹿児島県,30.235,130.555,04時27分,26.6
中之島,鹿児島県,29.84,129.86666666666667,01時49分,25.1
笠利,鹿児島県,28.43,129.71166666666667,08時58分,28.4
名瀬,鹿児島県,28.37833333333333,129.495,09時00分,27.9
喜界島,鹿児島県,28.32,129.92666666666668,08時27分,28.1
古仁屋,鹿児島県,28.14333333333333,129.315,09時00分,28.5
天城,鹿児島県,27.835,128.88,09時00分,29.5
伊仙,鹿児島県,27.676666666666662,128.97333333333333,08時58分,29.3
沖永良部,鹿児島県,27.431666666666665,128.705,08時58分,29.6
与論島,鹿児島県,27.043333333333333,128.40166666666667,08時37分,30.0
伊是名,沖縄県,26.94833333333333,127.94,09時00分,29.4
奥,沖縄県,26.835,128.27166666666668,08時58分,27.4
名護,沖縄県,26.593333333333334,127.965,09時00分,30.2
北原,沖縄県,26.363333333333333,126.71333333333334,09時00分,30.4
久米島,沖縄県,26.336666666666662,126.80333333333331,09時00分,30.2
宮城島,沖縄県,26.363333333333333,127.97166666666666,08時55分,29.0
渡嘉敷,沖縄県,26.21,127.36333333333332,08時55分,27.6
那覇,沖縄県,26.206666666666667,127.68666666666668,09時00分,29.6
安次嶺,沖縄県,26.19333333333333,127.63833333333334,09時00分,29.4
糸数,沖縄県,26.15333333333333,127.765,09時00分,27.9
北大東,沖縄県,25.94333333333333,131.32666666666665,08時56分,29.9
南大東,沖縄県,25.828333333333333,131.22833333333332,08時37分,30.1
旧東,沖縄県,25.846666666666668,131.26333333333332,09時00分,30.0
下地島,沖縄県,24.826666666666668,125.14333333333332,08時59分,29.8
宮古島,沖縄県,24.793333333333333,125.27833333333334,08時59分,29.5
鏡原,沖縄県,24.781666666666663,125.295,09時00分,29.2
仲筋,沖縄県,24.65333333333333,124.675,08時55分,29.3
伊原間,沖縄県,24.506666666666668,124.28,08時41分,30.1
所野,沖縄県,24.466666666666665,122.97833333333334,08時51分,29.7
与那国島,沖縄県,24.466666666666665,123.01,08時56分,29.8
西表島,沖縄県,24.426666666666662,123.765,09時00分,29.8
石垣島,沖縄県,24.336666666666662,124.16333333333333,09時00分,30.5
盛山,沖縄県,24.395,124.245,09時00分,29.8
大原,沖縄県,24.265,123.87166666666668,09時00分,29.2
波照間,沖縄県,24.055,123.76666666666668,08時59分,29.3
