amdno,type,elems,lat,lon,alt,地名,knName,enName,pref,気温
11001,C,11112010,45.52,141.935,26,宗谷岬,ソウヤミサキ,Cape Soya,北海道,5.8
11016,A,11111111,45.415,141.67833333333334,3,稚内,ワッカナイ,Wakkanai,北海道,6.8
11046,C,11112010,45.305,141.045,65,礼文,レブン,Rebun,北海道,8.0
11061,C,11110100,45.403333333333336,141.80166666666668,8,声問,コエトイ：稚内空港,Koetoi,北海道,2.6
11076,C,11112100,45.335,142.17,13,浜鬼志別,ハマオニシベツ,Hamaoni-Shibetsu,北海道,2.4
11091,C,11110000,45.24166666666667,141.18666666666667,30,本泊,モトドマリ：利尻空港,Motodomari,北海道,5.6
11121,C,11112100,45.248333333333335,141.85166666666666,23,沼川,ヌマカワ,Numakawa,北海道,0.9
11151,C,11112010,45.178333333333335,141.13833333333332,14,沓形,クツガタ,Kutsugata,北海道,8.1
11176,C,11112100,45.10166666666667,141.78,14,豊富,トヨトミ,Toyotomi,北海道,2.9
11206,C,11112000,45.125,142.35,18,浜頓別,ハマトンベツ,Hamatonbetsu,北海道,3.4
11276,C,11112100,44.965,142.28,25,中頓別,ナカトンベツ,Nakatonbetsu,北海道,1.9
11291,B,11111111,44.94,142.585,7,北見枝幸,キタミエサシ,Kitami-Esashi,北海道,5.7
11316,C,11112100,44.84166666666667,142.48,14,歌登,ウタノボリ,Utanobori,北海道,1.2
12011,C,11112000,44.82833333333333,142.07666666666665,22,中川,ナカガワ,Nakagawa,北海道,3.1
12041,C,11112100,44.72666666666667,142.265,40,音威子府,オトイネップ,Otoineppu,北海道,2.5
12141,C,11112100,44.48,142.34166666666667,77,美深,ビフカ,Bifuka,北海道,1.2
12181,C,11112110,44.37,142.45666666666668,89,名寄,ナヨロ,Nayoro,北海道,1.5
12231,C,11112100,44.295,142.63666666666666,143,下川,シモカワ,Shimokawa,北海道,0.8
12261,C,11112000,44.18666666666667,142.41666666666666,135,士別,シベツ,Shibetsu,北海道,2.1
12266,C,11112000,44.11833333333333,142.595,225,朝日,アサヒ,Asahi,北海道,2.6
12301,C,11112100,44.028333333333336,142.41,150,和寒,ワッサム,Wassamu,北海道,2.6
12386,C,11112000,43.87,142.26,140,江丹別,エタンベツ,Etanbetsu,北海道,1.1
12396,C,11112000,43.87,142.47,164,比布,ピップ,Pippu,北海道,2.7
12411,C,11112100,43.84666666666666,142.75333333333333,324,上川,カミカワ,Kamikawa,北海道,1.3
12442,A,11111111,43.75666666666667,142.37166666666667,120,旭川,アサヒカワ,Asahikawa,北海道,3.1
12451,C,11112000,43.70166666666667,142.50833333333333,215,東川,ヒガシカワ,Higashikawa,北海道,4.1
12501,C,11110100,43.67,142.44666666666666,211,東神楽,ヒガシカグラ：旭川空港,Higashi-Kagura,北海道,5.7
12512,C,11112000,43.64333333333333,142.58166666666668,310,志比内,シビナイ,Shibinai,北海道,6.6
12551,C,11112100,43.58833333333333,142.49333333333334,250,美瑛,ビエイ,Biei,北海道,7.7
12596,C,11112000,43.455,142.465,220,上富良野,カミフラノ,Kami-Furano,北海道,5.2
12626,C,11112110,43.333333333333336,142.4,174,富良野,フラノ,Furano,北海道,
12632,C,11112000,43.30166666666667,142.52166666666668,315,麓郷,ロクゴウ,Rokugo,北海道,8.6
12691,C,11112110,43.16833333333334,142.56833333333333,350,幾寅,イクトラ,Ikutora,北海道,3.9
12746,C,11112100,42.97833333333333,142.395,332,占冠,シムカップ,Shimukappu,北海道,3.6
13061,C,11112100,44.89333333333333,141.76166666666666,9,天塩,テシオ,Teshio,北海道,5.7
13086,C,11112000,44.71833333333333,141.80666666666667,7,遠別,エンベツ,Enbetsu,北海道,4.3
13121,C,11112100,44.52333333333333,141.77,27,初山別,ショサンベツ,Shosanbetsu,北海道,5.0
13146,C,11112000,44.428333333333335,141.42166666666665,38,焼尻,ヤギシリ,Yagishiri,北海道,9.5
13181,B,11111111,44.36333333333334,141.7,8,羽幌,ハボロ,Haboro,北海道,7.8
13261,C,11112000,44.04833333333333,141.85666666666663,30,達布,タップ,Tappu,北海道,3.4
13277,B,11111111,43.945,141.63166666666666,24,留萌,ルモイ,Rumoi,北海道,7.4
13311,C,11112000,43.848333333333336,141.51,20,増毛,マシケ,Mashike,北海道,10.0
13321,C,11112100,43.85333333333333,141.76,20,幌糠,ホロヌカ,Horonuka,北海道,6.4
14026,C,11112000,43.58166666666666,141.38666666666666,3,浜益,ハママス,Hamamasu,北海道,10.9
14071,C,11112100,43.39666666666667,141.43666666666667,5,厚田,アツタ,Atsuta,北海道,7.8
14101,C,11112100,43.22,141.645,9,新篠津,シンシノツ,Shinshinotsu,北海道,10.3
14116,C,11112000,43.14833333333333,141.22166666666666,5,山口,ヤマグチ,Yamaguchi,北海道,10.1
14121,C,11112110,43.193333333333335,141.37,5,石狩,イシカリ,Ishikari,北海道,9.6
14136,C,11112000,43.11,141.60166666666666,8,江別,エベツ,Ebetsu,北海道,9.8
14163,A,11111111,43.06,141.32833333333335,17,札幌,サッポロ,Sapporo,北海道,10.5
14206,C,11112100,42.92666666666667,141.565,30,恵庭島松,エニワシママツ,Eniwa-Shimamatsu,北海道,10.6
14286,C,11112000,42.77166666666667,141.40666666666667,290,支笏湖畔,シコツコハン,Lake-shore Shikotsu,北海道,9.8
14296,C,11110100,42.775,141.69166666666666,22,千歳,チトセ：新千歳空港,Chitose,北海道,10.6
15041,C,11112100,44.281666666666666,142.16166666666666,255,朱鞠内,シュマリナイ,Shumarinai,北海道,-0.1
15076,C,11112100,44.01,142.16,159,幌加内,ホロカナイ,Horokanai,北海道,0.4
15116,C,11112100,43.815,141.92666666666668,63,石狩沼田,イシカリヌマタ,Ishikari-Numata,北海道,2.5
15156,G,11112110,43.78,141.96166666666667,51,秩父別,チップベツ,Chippubetsu,北海道,3.1
15161,C,11112100,43.71833333333333,142.07333333333332,55,深川,フカガワ,Fukagawa,北海道,3.9
15231,C,11112000,43.595,141.73166666666663,100,空知吉野,ソラチヨシノ,Sorachi-Yoshino,北海道,2.3
15241,C,11112110,43.57,141.93833333333333,50,滝川,タキカワ,Takikawa,北海道,5.0
15251,C,11112100,43.52,142.19,91,芦別,アシベツ,Ashibetsu,北海道,3.2
15311,C,11112000,43.33,141.61666666666667,50,月形,ツキガタ,Tsukigata,北海道,8.1
15321,C,11112100,43.36333333333334,141.82666666666665,16,美唄,ビバイ,Bibai,北海道,4.1
15356,B,11111111,43.211666666666666,141.785,42,岩見沢,イワミザワ,Iwamizawa,北海道,12.3
15431,C,11112010,43.01166666666666,141.69333333333333,13,長沼,ナガヌマ,Naganuma,北海道,11.0
15442,C,11112110,43.03833333333333,141.95666666666668,293,夕張,ユウバリ,Yubari,北海道,9.9
16026,C,11112000,43.27166666666667,140.56333333333333,75,美国,ビクニ,Bikuni,北海道,12.8
16061,C,11112010,43.145,140.42333333333335,50,神恵内,カモエナイ,Kamoenai,北海道,12.3
16076,C,11112100,43.181666666666665,140.75833333333333,20,余市,ヨイチ,Yoichi,北海道,8.7
16091,B,11111111,43.181666666666665,141.015,25,小樽,オタル,Otaru,北海道,6.8
16156,C,11112100,42.98,140.60333333333332,15,共和,キョウワ,Kyowa,北海道,8.6
16206,C,11112100,42.81,140.54166666666666,39,蘭越,ランコシ,Rankoshi,北海道,5.5
16217,B,11111111,42.9,140.75666666666666,176,倶知安,クッチャン,Kutchan,北海道,10.0
16252,B,11111111,42.795,140.22333333333333,33,寿都,スッツ,Suttsu,北海道,11.5
16281,C,11112000,42.775,140.88,440,真狩,マッカリ,Makkari,北海道,9.5
16286,C,11112100,42.79333333333334,140.94833333333332,264,喜茂別,キモベツ,Kimobetsu,北海道,5.7
16321,C,11112100,42.66333333333333,140.31,27,黒松内,クロマツナイ,Kuromatsunai,北海道,11.4
17036,B,11111111,44.58,142.96333333333334,14,雄武,オウム,Omu,北海道,3.1
17076,C,11112010,44.47,143.10833333333332,8,興部,オコッペ,Okoppe,北海道,2.2
17091,C,11112100,44.33166666666666,142.935,120,西興部,ニシオコッペ,Nishi-Okoppe,北海道,0.7
17112,B,11111111,44.345,143.355,16,紋別,モンベツ,Mombetsu,北海道,4.9
17116,C,11110100,44.303333333333335,143.40333333333334,18,紋別小向,モンベツコムカイ：紋別空港,Mombetsu-Komukai,北海道,3.2
17166,C,11112000,44.21333333333333,143.61833333333334,5,湧別,ユウベツ,Yubetsu,北海道,4.8
17196,C,11112100,44.17666666666667,143.06166666666667,165,滝上,タキノウエ,Takinoue,北海道,0.7
17246,C,11112000,44.115,144.03666666666666,3,常呂,トコロ,Tokoro,北海道,3.8
17306,C,11112100,44.053333333333335,143.54,80,遠軽,エンガル,Engaru,北海道,2.1
17316,C,11112100,44.01833333333333,143.76,54,佐呂間,サロマ,Saroma,北海道,-0.3
17341,A,11111111,44.016666666666666,144.27833333333334,38,網走,アバシリ,Abashiri,北海道,6.4
17351,C,11112100,44.05166666666667,144.98166666666663,144,宇登呂,ウトロ,Utoro,北海道,11.6
17482,C,11112100,43.865,143.15333333333334,475,白滝,シラタキ,Shirataki,北海道,1.4
17501,C,11112000,43.91666666666666,143.53166666666667,199,生田原,イクタハラ,Ikutahara,北海道,-0.6
17521,C,11112110,43.77666666666666,143.84166666666667,104,北見,キタミ,Kitami,北海道,0.4
17531,C,11110100,43.88,144.16333333333333,33,女満別,メマンベツ：女満別空港,Memanbetsu,北海道,1.6
17546,C,11112000,43.84166666666667,144.485,52,小清水,コシミズ,Koshimizu,北海道,8.3
17561,C,11112100,43.885,144.7,15,斜里,シャリ,Shari,北海道,9.1
17596,C,11112100,43.74166666666667,143.45,325,留辺蘂,ルベシベ,Rubeshibe,北海道,0.5
17607,C,11112000,43.70666666666666,143.64333333333337,184,境野,サカイノ,Sakaino,北海道,2.7
17631,C,11112000,43.77,144.17166666666665,60,美幌,ビホロ,Bihoro,北海道,7.3
17717,C,11112100,43.70166666666667,144.03333333333333,100,津別,ツベツ,Tsubetsu,北海道,4.7
18038,C,11112110,44.02333333333333,145.18666666666667,15,羅臼,ラウス,Rausu,北海道,7.7
18136,C,11112000,43.66166666666667,145.13166666666666,3,標津,シベツ,Shibetsu,北海道,5.1
18161,C,11112000,43.52,144.74666666666667,160,上標津,カミシベツ,Kami-shibetsu,北海道,6.2
18171,C,11112110,43.54333333333334,144.97833333333332,50,中標津,ナカシベツ,Naka-shibetsu,北海道,4.9
18174,C,11110100,43.57666666666667,144.96,65,根室中標津,ネムロナカシベツ：中標津空港,Nemuro-Nakashibetsu,北海道,5.2
18256,C,11112100,43.38166666666667,145.11833333333334,23,別海,ベツカイ,Betsukai,北海道,3.8
18273,B,11111111,43.33,145.585,25,根室,ネムロ,Nemuro,北海道,9.6
18281,C,11112000,43.39333333333333,145.75833333333333,12,納沙布,ノサップ,Nosappu,北海道,9.3
18311,C,11112100,43.22166666666666,145.22666666666666,41,厚床,アットコ,Attoko,北海道,3.6
19021,C,11112100,43.61666666666667,144.45666666666668,158,川湯,カワユ,Kawayu,北海道,0.4
19051,C,11112000,43.51,144.46666666666667,170,弟子屈,テシカガ,Teshikaga,北海道,5.0
19076,C,11112100,43.43666666666667,144.08333333333334,426,阿寒湖畔,アカンコハン,Lake-Shore Akan,北海道,5.3
19151,C,11112100,43.29166666666666,144.58666666666667,20,標茶,シベチャ,Shibecha,北海道,3.8
19191,C,11112100,43.23166666666667,144.325,38,鶴居,ツルイ,Tsurui,北海道,7.1
19261,C,11112100,43.19833333333333,144.14166666666668,80,中徹別,ナカテシベツ,Nakateshibetsu,北海道,6.1
19311,C,11112010,43.12,145.11,2,榊町,サカキマチ,Sakakimachi,北海道,8.1
19347,C,11110100,43.04,144.19166666666666,95,鶴丘,ツルオカ：釧路空港,Tsuruoka,北海道,6.7
19376,C,11112100,43.09,144.77833333333334,85,太田,オオタ,Ota,北海道,4.8
19416,C,11112100,42.97,144.06166666666667,9,白糠,シラヌカ,Shiranuka,北海道,7.3
19432,A,11111111,42.985,144.3766666666667,5,釧路,クシロ,Kushiro,北海道,6.3
19451,C,11112010,42.93833333333333,144.735,149,知方学,チッポマナイ,Chippomanai,北海道,9.3
20146,C,11112110,43.47166666666666,143.75333333333333,210,陸別,リクベツ,Rikubetsu,北海道,-0.4
20186,C,11112110,43.36666666666667,143.19166666666666,540,ぬかびら源泉郷,ヌカビラゲンセンキョウ,Nukabiragensenkyo,北海道,5.4
20266,C,11112110,43.24166666666667,143.295,287,上士幌,カミシホロ,Kamishihoro,北海道,5.6
20276,C,11112000,43.24333333333333,143.55333333333334,90,足寄,アショロ,Ashoro,北海道,3.3
20341,C,11112110,43.13166666666667,143.6,67,本別,ホンベツ,Honbetsu,北海道,3.4
20356,C,11112100,43.07666666666667,142.84,178,新得,シントク,Shintoku,北海道,6.4
20361,C,11112000,43.10333333333333,142.995,206,鹿追,シカオイ,Shikaoi,北海道,6.7
20371,C,11112000,43.05,143.18333333333334,112,駒場,コマバ,Komaba,北海道,5.1
20421,C,11112100,42.9,143.04333333333332,90,芽室,メムロ,Memuro,北海道,5.1
20432,B,11111111,42.92166666666667,143.21166666666667,38,帯広,オビヒロ,Obihiro,北海道,4.6
20441,C,11112000,42.92,143.45833333333334,42,池田,イケダ,Ikeda,北海道,3.5
20506,C,11112100,42.80833333333333,143.65666666666667,20,浦幌,ウラホロ,Urahoro,北海道,4.9
20551,C,11110100,42.73333333333333,143.21666666666667,149,帯広泉,オビヒロイズミ：帯広空港,Obihiroizumi,北海道,4.1
20556,C,11112000,42.78666666666667,143.32833333333335,70,糠内,ヌカナイ,Nukanai,北海道,2.3
20601,C,11112100,42.641666666666666,143.09666666666666,251,上札内,カミサツナイ,Kami-satsunai,北海道,6.4
20606,C,11112000,42.65166666666666,143.195,185,更別,サラベツ,Sarabetsu,北海道,6.0
20631,C,11112000,42.68666666666667,143.64666666666668,4,大津,オオツ,Otsu,北海道,8.6
20696,C,11112100,42.5,143.27333333333334,87,大樹,タイキ,Taiki,北海道,6.8
20751,B,11111111,42.29333333333334,143.31666666666666,32,広尾,ヒロオ,Hiroo,北海道,12.5
21111,C,11112000,42.73,141.88833333333332,20,厚真,アツマ,Atsuma,北海道,11.9
21126,C,11112100,42.76166666666667,142.14333333333337,56,穂別,ホベツ,Hobetsu,北海道,5.5
21161,C,11112100,42.67,141.07833333333335,390,大滝,オオタキ,Otaki,北海道,5.9
21171,C,11112000,42.63,141.24666666666667,170,森野,モリノ,Morino,北海道,8.3
21187,B,11111111,42.623333333333335,141.54666666666665,6,苫小牧,トマコマイ,Tomakomai,北海道,11.7
21226,C,11112110,42.59,140.64333333333337,4,大岸,オオキシ,Okishi,北海道,6.5
21261,C,11112100,42.54333333333334,141.35166666666666,6,白老,シラオイ,Shiraoi,北海道,8.6
21276,C,11112000,42.59,141.93333333333334,10,鵡川,ムカワ,Mukawa,北海道,11.3
21297,C,11112000,42.475,140.84833333333333,3,伊達,ダテ,Date,北海道,7.7
21312,C,11112100,42.458333333333336,141.11833333333334,197,登別,ノボリベツ,Noboribetsu,北海道,9.1
21323,A,11111111,42.31166666666667,140.975,40,室蘭,ムロラン,Muroran,北海道,11.1
22036,C,11112100,42.876666666666665,142.44166666666666,280,日高,ヒダカ,Hidaka,北海道,5.8
22141,C,11112010,42.49666666666667,142.05333333333334,47,日高門別,ヒダカモンベツ,Hidaka-Monbetsu,北海道,11.7
22156,C,11112000,42.54333333333334,142.33333333333334,60,新和,シンワ,Shinwa,北海道,7.6
22241,C,11112110,42.34333333333333,142.36166666666668,10,静内,シズナイ,Shizunai,北海道,12.1
22291,C,11112000,42.245,142.66166666666666,10,三石,ミツイシ,Mitsuishi,北海道,9.1
22306,C,11112100,42.223333333333336,142.94833333333332,98,中杵臼,ナカキネウス,Nakakineusu,北海道,7.3
22327,B,11111111,42.16166666666667,142.77666666666667,37,浦河,ウラカワ,Urakawa,北海道,11.6
22391,C,11112010,41.925,143.24333333333334,63,えりも岬,エリモミサキ,Cape Erimo,北海道,10.8
23031,C,11112100,42.52333333333333,140.38166666666666,10,長万部,オシャマンベ,Oshamanbe,北海道,9.7
23086,C,11112100,42.251666666666665,140.27166666666668,8,八雲,ヤクモ,Yakumo,北海道,14.4
23166,C,11112100,42.06666666666667,140.58833333333334,125,森,モリ,Mori,北海道,13.9
23206,C,11112010,41.905,140.97,25,川汲,カックミ,Kakkumi,北海道,14.7
23226,C,11112000,41.88666666666667,140.65333333333334,25,北斗,ホクト,Hokuto,北海道,8.6
23232,A,11111111,41.81666666666667,140.75333333333333,35,函館,ハコダテ,Hakodate,北海道,11.3
23281,C,11110100,41.77,140.82166666666666,34,高松,タカマツ：函館空港,Takamatsu,北海道,14.5
23326,C,11112010,41.68,140.43666666666667,10,木古内,キコナイ,Kikonai,北海道,8.8
23376,C,11112010,41.42333333333333,140.08666666666667,30,松前,マツマエ,Matsumae,北海道,15.9
24041,C,11112000,42.45,139.85166666666666,10,せたな,セタナ,Setana,北海道,11.5
24051,C,11112100,42.428333333333335,140.00833333333333,19,今金,イマカネ,Imakane,北海道,7.6
24101,C,11112010,42.248333333333335,139.55666666666667,5,奥尻,オクシリ,Okushiri,北海道,14.7
24141,C,11112100,42.12833333333333,139.985,12,熊石,クマイシ,Kumaishi,北海道,14.3
24156,C,11110000,42.071666666666665,139.43166666666667,49,米岡,ヨネオカ：奥尻空港,Yoneoka,北海道,14.0
24201,C,11112100,41.93,140.31166666666667,53,鶉,ウズラ,Uzura,北海道,10.1
24217,B,11111111,41.86666666666667,140.1233333333333,4,江差,エサシ,Esashi,北海道,15.8
31001,C,11112100,41.52666666666666,140.91166666666666,14,大間,オオマ,Oma,青森県,13.7
31111,B,11111111,41.28333333333333,141.21,3,むつ,ムツ,Mutsu,青森県,12.3
31121,C,11112000,41.235,141.39666666666668,6,小田野沢,オダノサワ,Odanosawa,青森県,11.2
31136,C,11112100,41.18,140.48166666666663,30,今別,イマベツ,Imabetsu,青森県,12.8
31156,C,11112100,41.145,140.82166666666666,15,脇野沢,ワキノサワ,Wakinosawa,青森県,13.6
31186,C,11112010,41.056666666666665,140.34666666666666,20,市浦,シウラ,Shiura,青森県,12.4
31201,C,11112000,41.045,140.63333333333333,5,蟹田,カニタ,Kanita,青森県,8.8
31296,C,11112110,40.80833333333333,140.45833333333334,9,五所川原,ゴショガワラ,Goshogawara,青森県,13.9
31312,A,11111111,40.821666666666665,140.76833333333337,3,青森,アオモリ,Aomori,青森県,14.5
31332,C,11112100,40.885,141.16,14,野辺地,ノヘジ,Noheji,青森県,12.5
31336,C,11112000,40.885,141.27166666666668,80,六ケ所,ロッカショ,Rokkasho,青森県,9.7
31366,C,11112110,40.77666666666666,140.205,40,鰺ケ沢,アジガサワ,Ajigasawa,青森県,15.2
31386,C,11110100,40.73333333333333,140.68833333333333,198,青森大谷,アオモリオオタニ：青森空港,Aomori-Otani,青森県,12.5
31436,B,11111111,40.645,139.93166666666667,66,深浦,フカウラ,Fukaura,青森県,15.3
31461,C,11112110,40.611666666666665,140.455,30,弘前,ヒロサキ,Hirosaki,青森県,14.3
31466,C,11112000,40.66666666666666,140.585,30,黒石,クロイシ,Kuroishi,青森県,13.4
31482,C,11112100,40.64833333333333,140.84833333333333,890,酸ケ湯,スカユ,Sukayu,青森県,8.0
31506,C,11112000,40.675,141.375,39,三沢,ミサワ,Misawa,青森県,10.0
31586,C,11112100,40.60666666666667,141.23333333333332,55,十和田,トワダ,Towada,青森県,7.8
31602,B,11111111,40.52666666666666,141.52166666666668,27,八戸,ハチノヘ,Hachinohe,青森県,7.7
31646,C,11112110,40.48166666666667,140.62,135,碇ケ関,イカリガセキ,Ikarigaseki,青森県,9.1
31662,C,11112000,40.42666666666667,140.89833333333334,414,休屋,ヤスミヤ,Yasumiya,青森県,7.9
31721,C,11112110,40.38333333333333,141.25666666666666,60,三戸,サンノヘ,Sannohe,青森県,4.3
32056,C,11112010,40.41333333333333,139.94833333333332,34,八森,ハチモリ,Hachimori,秋田県,13.7
32111,C,11112100,40.19833333333333,140.03166666666667,6,能代,ノシロ,Noshiro,秋田県,13.2
32126,C,11112110,40.22666666666667,140.37166666666667,29,鷹巣,タカノス,Takanosu,秋田県,10.0
32136,C,11112000,40.251666666666665,140.505,49,大館,オオダテ,Odate,秋田県,8.2
32146,C,11112100,40.215,140.78666666666666,123,鹿角,カヅノ,Kazuno,秋田県,4.9
32181,C,11110000,40.19166666666667,140.37166666666667,84,脇神,ワキガミ：大館能代空港,Wakigami,秋田県,9.7
32206,C,11112000,40.12,140.84,214,湯瀬,ユゼ,Yuze,秋田県,5.4
32266,C,11112000,40.013333333333335,140.80166666666668,578,八幡平,ハチマンタイ,Hachimantai,秋田県,7.0
32286,C,11112000,39.91166666666667,139.9,20,男鹿,オガ,Oga,秋田県,12.3
32287,C,11112000,40.0,139.95,-3,大潟,オオガタ,Ogata,秋田県,12.4
32296,C,11112100,39.93833333333333,140.115,6,五城目,ゴジョウメ,Gojome,秋田県,11.0
32311,C,11112100,39.99333333333333,140.40333333333334,120,阿仁合,アニアイ,Aniai,秋田県,8.1
32402,A,11111111,39.71666666666667,140.09833333333333,6,秋田,アキタ,Akita,秋田県,9.7
32407,C,11112010,39.70666666666666,140.28666666666666,41,岩見三内,イワミサンナイ,Iwami-Sannai,秋田県,6.5
32451,C,11110100,39.615,140.21833333333333,93,雄和,ユウワ：秋田空港,Yuwa,秋田県,7.4
32466,C,11112100,39.60333333333333,140.55666666666667,56,角館,カクノダテ,Kakunodate,秋田県,4.3
32476,C,11112000,39.69833333333333,140.73166666666663,230,田沢湖,タザワコ,Lake Tazawa,秋田県,3.3
32496,C,11112100,39.52666666666666,140.23333333333332,20,大正寺,ダイショウジ,Daisho-ji,秋田県,4.1
32551,C,11112000,39.49,140.495,30,大曲,オオマガリ,Omagari,秋田県,4.3
32571,C,11112100,39.36,140.055,11,本荘,ホンジョウ,Honjo,秋田県,6.7
32581,C,11112000,39.305,140.28833333333333,117,東由利,ヒガシユリ,Higashiyuri,秋田県,3.2
32596,C,11112100,39.32,140.555,59,横手,ヨコテ,Yokote,秋田県,6.3
32616,C,11112010,39.255,139.91333333333333,7,にかほ,ニカホ,Nikaho,秋田県,10.8
32626,C,11112100,39.235,140.13666666666666,46,矢島,ヤシマ,Yashima,秋田県,4.5
32691,C,11112100,39.18666666666667,140.46333333333334,74,湯沢,ユザワ,Yuzawa,秋田県,4.6
32771,C,11112100,38.96,140.52833333333334,335,湯の岱,ユノタイ,Yunotai,秋田県,2.6
33006,C,11112000,40.403333333333336,141.7,70,種市,タネイチ,Taneichi,岩手県,9.5
33026,C,11112000,40.325,141.46666666666667,148,軽米,カルマイ,Karumai,岩手県,4.3
33071,C,11112100,40.29833333333333,141.29833333333335,87,二戸,ニノヘ,Ninohe,岩手県,9.8
33136,C,11112000,40.14833333333333,141.57166666666666,290,山形,ヤマガタ,Yamagata,岩手県,1.6
33146,C,11112110,40.16833333333334,141.7483333333333,13,久慈,クジ,Kuji,岩手県,2.8
33166,C,11112010,40.10333333333333,141.05,290,荒屋,アラヤ,Araya,岩手県,5.1
33176,C,11112100,40.06,141.225,430,奥中山,オクナカヤマ,Mt.Okunaka,岩手県,2.5
33186,C,11112100,40.04,141.45666666666668,418,葛巻,クズマキ,Kuzumaki,岩手県,-0.1
33206,C,11112000,40.00333333333333,141.88333333333333,8,普代,フダイ,Fudai,岩手県,5.6
33226,C,11112100,39.95166666666667,141.065,275,岩手松尾,イワテマツオ,Iwate-Matsuo,岩手県,1.8
33296,C,11112000,39.86833333333333,141.16666666666666,205,好摩,コウマ,Koma,岩手県,6.4
33326,C,11112110,39.84666666666666,141.795,105,岩泉,イワイズミ,Iwaizumi,岩手県,2.5
33336,C,11112000,39.84666666666666,141.96333333333334,3,小本,オモト,Omoto,岩手県,6.5
33371,C,11112000,39.78333333333333,141.32833333333335,680,薮川,ヤブカワ,Yabukawa,岩手県,-1.5
33421,C,11112100,39.696666666666665,140.975,195,雫石,シズクイシ,Shizukuishi,岩手県,3.1
33431,A,11111111,39.69833333333333,141.165,155,盛岡,モリオカ,Morioka,岩手県,3.8
33441,C,11112100,39.65,141.35333333333332,734,区界,クザカイ,Kuzakai,岩手県,2.6
33472,B,11111111,39.64666666666667,141.965,43,宮古,ミヤコ,Miyako,岩手県,5.5
33486,C,11112000,39.54833333333333,140.84333333333333,407,沢内,サワウチ,Sawauchi,岩手県,0.5
33501,C,11112000,39.54666666666667,141.1266666666667,125,紫波,シワ,Shiwa,岩手県,3.1
33526,C,11112000,39.598333333333336,141.68166666666667,192,川井,カワイ,Kawai,岩手県,4.6
33576,C,11110000,39.428333333333335,141.135,90,花巻,ハナマキ：花巻空港,Hanamaki,岩手県,2.1
33581,C,11112000,39.47,141.27833333333334,150,大迫,オオハサマ,Ohasama,岩手県,4.2
33616,C,11112000,39.45,141.95666666666668,24,山田,ヤマダ,Yamada,岩手県,5.7
33631,C,11112110,39.31,140.77666666666667,250,湯田,ユダ,Yuda,岩手県,2.8
33671,C,11112110,39.33833333333333,141.54333333333332,275,遠野,トオノ,Tono,岩手県,1.3
33716,C,11112100,39.28833333333333,141.11,61,北上,キタカミ,Kitakami,岩手県,4.0
33751,C,11112000,39.27,141.87833333333333,5,釜石,カマイシ,Kamaishi,岩手県,7.1
33776,C,11112000,39.14,141.06333333333333,97,若柳,ワカヤナギ,Wakayanagi,岩手県,2.0
33781,C,11112000,39.18333333333333,141.16166666666666,42,江刺,エサシ,Esashi,岩手県,3.1
33801,C,11112000,39.141666666666666,141.57333333333332,80,住田,スミタ,Sumita,岩手県,4.7
33877,B,11111111,39.06333333333333,141.71333333333334,37,大船渡,オオフナト,Ofunato,岩手県,8.5
33911,C,11112110,38.93333333333333,141.125,32,一関,イチノセキ,Ichinoseki,岩手県,3.3
33921,C,11112000,38.92166666666667,141.33,120,千厩,センマヤ,Senmaya,岩手県,1.5
34012,C,11112100,38.91333333333333,140.82833333333335,525,駒ノ湯,コマノユ,Komanoyu,宮城県,2.1
34026,C,11112000,38.906666666666666,141.55666666666667,62,気仙沼,ケセンヌマ,Kesennuma,宮城県,8.0
34096,C,11112100,38.74333333333333,140.76,170,川渡,カワタビ,Kawatabi,宮城県,3.9
34111,C,11112010,38.735,141.005,25,築館,ツキダテ,Tsukidate,宮城県,1.4
34171,C,11112000,38.626666666666665,141.18833333333333,5,米山,ヨネヤマ,Yoneyama,宮城県,3.2
34186,C,11112000,38.681666666666665,141.44833333333332,39,志津川,シヅガワ,Shizugawa,宮城県,5.6
34216,C,11112110,38.598333333333336,140.91166666666666,28,古川,フルカワ,Furukawa,宮城県,2.2
34266,C,11112000,38.473333333333336,140.88833333333332,57,大衡,オオヒラ,Ohira,宮城県,2.0
34276,C,11112000,38.46,141.09166666666667,3,鹿島台,カシマダイ,Kashimadai,宮城県,1.8
34292,B,11111111,38.42666666666667,141.29833333333335,43,石巻,イシノマキ,Ishinomaki,宮城県,6.2
34296,C,11112000,38.446666666666665,141.45,38,女川,オナガワ,Onagawa,宮城県,9.2
34311,C,11112110,38.303333333333335,140.63666666666666,265,新川,ニッカワ,Nikkawa,宮城県,0.3
34331,C,11112000,38.33833333333333,141.01333333333332,105,塩釜,シオガマ,Shiogama,宮城県,7.2
34392,A,11111111,38.26166666666666,140.89666666666668,39,仙台,センダイ,Sendai,宮城県,8.1
34436,C,11110100,38.138333333333335,140.91666666666666,2,名取,ナトリ：仙台空港,Natori,宮城県,4.8
34461,C,11112110,38.015,140.61166666666668,86,白石,シロイシ,Shiroishi,宮城県,4.3
34462,C,11112010,38.126666666666665,140.68,112,蔵王,ザオウ,Zao,宮城県,2.6
34471,C,11112000,38.025,140.85833333333332,4,亘理,ワタリ,Watari,宮城県,7.5
34506,C,11112000,37.931666666666665,140.77833333333334,18,丸森,マルモリ,Marumori,宮城県,1.0
35002,C,11112010,39.18333333333333,139.54333333333332,58,飛島,トビシマ,Tobishima Island,山形県,13.0
35052,B,11111111,38.90833333333333,139.84333333333333,3,酒田,サカタ,Sakata,山形県,7.5
35071,C,11112000,38.91833333333334,140.2,88,差首鍋,サスナベ,Sasunabe,山形県,3.6
35086,C,11110000,38.81166666666667,139.78666666666666,22,浜中,ハマナカ：庄内空港,Hamanaka,山形県,5.4
35116,C,11112100,38.87833333333333,140.33166666666668,170,金山,カネヤマ,Kaneyama,山形県,3.0
35141,C,11112010,38.735,139.82833333333335,16,鶴岡,ツルオカ,Tsuruoka,山形県,5.2
35146,C,11112100,38.8,139.97333333333333,17,狩川,カリカワ,Karikawa,山形県,8.2
35162,B,11111111,38.75666666666667,140.31166666666667,105,新庄,シンジョウ,Shinjo,山形県,4.8
35176,C,11112100,38.75833333333333,140.51666666666668,212,向町,ムカイマチ,Mukaimachi,山形県,3.0
35216,C,11112100,38.60666666666667,140.16333333333333,330,肘折,ヒジオリ,Hijiori,山形県,1.5
35231,C,11112110,38.60833333333333,140.41166666666666,106,尾花沢,オバナザワ,Obanazawa,山形県,1.6
35246,C,11112010,38.56666666666667,139.55166666666668,18,鼠ケ関,ネズガセキ,Nezugaseki,山形県,12.7
35332,C,11112010,38.46,140.34833333333333,80,村山,ムラヤマ,Murayama,山形県,0.4
35334,C,11110000,38.41166666666667,140.37,105,東根,ヒガシネ：山形空港,Higashine,山形県,2.4
35361,C,11112100,38.39,139.99333333333334,440,大井沢,オオイサワ,Oisawa,山形県,-1.3
35376,C,11112100,38.37,140.19166666666666,133,左沢,アテラザワ,Aterazawa,山形県,0.5
35426,A,11111111,38.255,140.345,153,山形,ヤマガタ,Yamagata,山形県,4.1
35456,C,11112100,38.105,140.015,210,長井,ナガイ,Nagai,山形県,1.7
35486,C,11112100,38.07833333333333,139.735,140,小国,オグニ,Oguni,山形県,2.6
35511,C,11112000,38.00333333333333,140.20666666666668,220,高畠,タカハタ,Takahata,山形県,1.9
35541,C,11112000,37.99,139.95333333333335,260,高峰,タカミネ,Takamine,山形県,1.6
35552,C,11112110,37.91166666666667,140.14333333333337,245,米沢,ヨネザワ,Yonezawa,山形県,2.2
36056,C,11112100,37.891666666666666,140.43666666666667,200,茂庭,モニワ,Moniwa,福島県,1.4
36066,C,11112000,37.85166666666667,140.58833333333334,43,梁川,ヤナガワ,Yanagawa,福島県,2.5
36106,C,11112000,37.72166666666666,140.05833333333334,824,桧原,ヒバラ,Hibara,福島県,-1.5
36127,A,11111111,37.75833333333333,140.47,67,福島,フクシマ,Fukushima,福島県,5.3
36151,C,11112010,37.78333333333333,140.925,9,相馬,ソウマ,Soma,福島県,6.8
36176,C,11112000,37.65833333333333,139.86333333333334,212,喜多方,キタカタ,Kitakata,福島県,1.8
36196,C,11112000,37.66833333333334,140.26,1220,鷲倉,ワシクラ,Washikura,福島県,10.2
36221,C,11112000,37.665,140.72666666666666,463,飯舘,イイタテ,Iitate,福島県,3.7
36251,C,11112100,37.58833333333333,139.65666666666667,165,西会津,ニシアイヅ,Nishiaizu,福島県,2.6
36276,C,11112110,37.55166666666667,140.10833333333332,519,猪苗代,イナワシロ,Inawashiro,福島県,3.6
36291,C,11112000,37.583333333333336,140.43,235,二本松,ニホンマツ,Nihonmatsu,福島県,4.2
36342,C,11112100,37.473333333333336,139.52833333333334,296,金山,カネヤマ,Kaneyama,福島県,2.5
36361,B,11111111,37.48833333333334,139.91,212,若松,ワカマツ,Wakamatsu,福島県,2.2
36391,C,11112010,37.435,140.57666666666665,421,船引,フネヒキ,Funehiki,福島県,3.0
36411,C,11112000,37.49166666666667,140.965,43,浪江,ナミエ,Namie,福島県,6.3
36426,C,11112100,37.34333333333333,139.31333333333333,377,只見,タダミ,Tadami,福島県,1.4
36476,C,11112010,37.36833333333333,140.33,249,郡山,コオリヤマ,Koriyama,福島県,2.8
36501,C,11112000,37.336666666666666,140.80833333333334,410,川内,カワウチ,Kawauchi,福島県,4.4
36536,C,11112110,37.265,139.53666666666666,494,南郷,ナンゴウ,Nango,福島県,1.7
36562,C,11112100,37.27666666666666,140.06333333333333,646,湯本,ユモト,Yumoto,福島県,-1.5
36581,C,11110100,37.22666666666667,140.42666666666668,372,玉川,タマカワ：福島空港,Tamakawa,福島県,7.7
36591,C,11112000,37.28666666666667,140.625,433,小野新町,オノニイマチ,Ono-Niimachi,福島県,4.0
36611,C,11112000,37.23333333333333,141.0,43,広野,ヒロノ,Hirono,福島県,10.1
36641,C,11112100,37.20666666666666,139.795,544,田島,タジマ,Tajima,福島県,-1.6
36667,B,11111111,37.13166666666667,140.215,355,白河,シラカワ,Shirakawa,福島県,3.8
36676,C,11112000,37.14666666666667,140.46,290,石川,イシカワ,Ishikawa,福島県,5.6
36716,C,11112100,37.01,139.375,973,桧枝岐,ヒノエマタ,Hinoemata,福島県,0.5
36821,C,11112010,36.93833333333333,140.40833333333333,183,東白川,ヒガシシラカワ,Higashi-Shirakawa,福島県,6.1
36836,C,11112000,36.93333333333333,140.73333333333332,25,山田,ヤマダ,Yamada,福島県,8.8
36846,B,11111011,36.946666666666665,140.90333333333334,3,小名浜,オナハマ,Onahama,福島県,10.1
40046,C,11112010,36.833333333333336,140.77166666666668,5,北茨城,キタイバラキ,KitaIbaraki,茨城県,7.9
40061,C,11112000,36.778333333333336,140.345,120,大子,ダイゴ,Daigo,茨城県,8.3
40091,C,11112000,36.60666666666667,140.325,95,常陸大宮,ヒタチオオミヤ,Hitachi-omiya,茨城県,10.1
40136,C,11112000,36.58,140.645,34,日立,ヒタチ,Hitachi,茨城県,17.0
40191,C,11112000,36.395,140.24,72,笠間,カサマ,Kasama,茨城県,8.4
40201,A,11111111,36.38,140.46666666666667,29,水戸,ミト,Mito,茨城県,10.5
40221,C,11112000,36.20166666666667,139.71666666666667,20,古河,コガ,Koga,茨城県,9.0
40231,C,11112000,36.281666666666666,139.98833333333334,24,下館,シモダテ,Shimodate,茨城県,10.6
40281,C,11112000,36.16833333333334,139.945,20,下妻,シモツマ,Shimotsuma,茨城県,10.3
40311,C,11112010,36.16833333333334,140.52666666666667,32,鉾田,ホコタ,Hokota,茨城県,8.7
40336,C,11111100,36.056666666666665,140.125,25,つくば,ツクバ,Tsukuba,茨城県,9.2
40341,C,11112000,36.10333333333333,140.22,26,土浦,ツチウラ,Tsuchiura,茨城県,10.9
40406,C,11112000,35.96333333333333,140.62166666666667,37,鹿嶋,カシマ,Kashima,茨城県,12.9
40426,C,11112000,35.89,140.21166666666667,4,龍ケ崎,リュウガサキ,Ryugasaki,茨城県,8.6
41011,C,11112110,37.123333333333335,140.035,749,那須高原,ナスコウゲン,Nasu Highlands,栃木県,9.0
41076,C,11112000,36.92166666666667,139.695,620,五十里,イカリ,Ikari,栃木県,1.5
41091,C,11112010,36.98166666666667,140.01833333333337,343,黒磯,クロイソ,Kuroiso,栃木県,5.5
41116,C,11112100,36.891666666666666,139.56833333333333,925,土呂部,ドロブ,Dorobu,栃木県,-0.8
41141,C,11112010,36.84,140.035,188,大田原,オオタワラ,Otawara,栃木県,3.6
41166,B,11111111,36.73833333333333,139.5,1292,奥日光,オクニッコウ,Oku-Nikko,栃木県,2.2
41172,C,11112000,36.75,139.615,561,日光東町,ニッコウヒガシマチ,Nikkohigashimachi,栃木県,5.9
41181,C,11112000,36.75666666666667,139.88333333333333,225,塩谷,シオヤ,Shioya,栃木県,3.3
41247,C,11112000,36.641666666666666,140.11666666666667,82,那須烏山,ナスカラスヤマ,Nasu-Karasuyama,栃木県,8.3
41271,C,11112000,36.59166666666667,139.735,165,鹿沼,カヌマ,Kanuma,栃木県,6.7
41277,A,11111111,36.54833333333333,139.86833333333334,119,宇都宮,ウツノミヤ,Utsunomiya,栃木県,8.6
41331,C,11112000,36.47666666666667,139.98666666666668,91,真岡,モオカ,Mooka,栃木県,10.3
41361,C,11112000,36.36333333333334,139.57,68,佐野,サノ,Sano,栃木県,7.8
41376,C,11112000,36.33833333333333,139.83,44,小山,オヤマ,Oyama,栃木県,10.0
42046,C,11112110,36.86333333333333,139.05833333333334,700,藤原,フジワラ,Fujiwara,群馬県,0.8
42091,C,11112110,36.77333333333333,138.965,524,みなかみ,ミナカミ,Minakami,群馬県,2.5
42121,C,11112100,36.61666666666667,138.59166666666667,1223,草津,クサツ,Kusatsu,群馬県,6.1
42146,C,11112010,36.66833333333334,139.02166666666668,390,沼田,ヌマタ,Numata,群馬県,0.0
42186,C,11112000,36.586666666666666,138.85,354,中之条,ナカノジョウ,Nakanojo,群馬県,2.3
42221,C,11112000,36.46333333333333,138.46333333333334,1230,田代,タシロ,Tashiro,群馬県,2.1
42251,A,11111111,36.405,139.06,112,前橋,マエバシ,Maebashi,群馬県,9.0
42266,C,11112000,36.41,139.325,117,桐生,キリュウ,Kiryu,群馬県,6.7
42286,C,11112000,36.376666666666665,138.895,183,上里見,カミサトミ,Kami-Satomi,群馬県,6.1
42302,C,11112000,36.33166666666666,139.165,64,伊勢崎,イセサキ,Isesaki,群馬県,7.5
42326,C,11112000,36.245,138.70666666666668,375,西野牧,ニシノマキ,Nishinomaki,群馬県,3.5
42366,C,11112000,36.24,139.51333333333332,23,館林,タテバヤシ,Tatebayashi,群馬県,8.0
42396,C,11112000,36.10833333333333,138.89666666666668,357,神流,カンナ,Kanna,群馬県,3.0
43051,C,11112000,36.105,139.18333333333334,128,寄居,ヨリイ,Yorii,埼玉県,5.0
43056,A,11111111,36.15,139.38,30,熊谷,クマガヤ,Kumagaya,埼玉県,9.0
43126,C,11112000,36.086666666666666,139.635,12,久喜,クキ,Kuki,埼玉県,8.0
43156,B,11111111,35.99,139.07333333333332,232,秩父,チチブ,Chichibu,埼玉県,4.3
43171,C,11112000,35.985,139.335,44,鳩山,ハトヤマ,Hatoyama,埼玉県,5.3
43241,C,11112110,35.875,139.58666666666667,8,さいたま,サイタマ,Saitama,埼玉県,9.6
43256,C,11112010,35.88333333333333,139.75666666666666,3,越谷,コシガヤ,Koshigaya,埼玉県,10.1
43266,C,11112000,35.77333333333333,139.41333333333333,119,所沢,トコロザワ,Tokorozawa,埼玉県,9.5
44046,C,11112010,35.791666666666664,139.05,530,小河内,オゴウチ,Ogochi,東京都,6.8
44056,C,11112000,35.788333333333334,139.31166666666667,155,青梅,オウメ,Ome,東京都,9.0
44071,C,11112000,35.73833333333333,139.59166666666667,51,練馬,ネリマ,Nerima,東京都,11.0
44112,C,11112000,35.666666666666664,139.31666666666666,123,八王子,ハチオウジ,Hachioji,東京都,9.0
44116,C,11112000,35.68333333333333,139.48333333333332,59,府中,フチュウ,Fuchu,東京都,10.7
44132,A,11111111,35.69166666666667,139.75,25,東京,トウキョウ,Tokyo,東京都,12.7
44136,C,11112000,35.638333333333335,139.86333333333334,5,江戸川臨海,エドガワリンカイ,Edogawa Seaside,東京都,14.0
44166,C,11110000,35.553333333333335,139.78,6,羽田,ハネダ：東京国際空港,Haneda,東京都,15.5
44172,B,11111011,34.748333333333335,139.36166666666668,74,大島,オオシマ,Oshima Island,東京都,17.3
44173,C,11110000,34.781666666666666,139.36,38,大島北ノ山,オオシマキタノヤマ：大島空港,Oshima-Kitanoyama,東京都,17.0
44207,C,11110000,34.36833333333333,139.26833333333337,29,新島,ニイジマ：新島空港,Niijima Island,東京都,19.2
44216,C,11110000,34.18833333333333,139.13333333333333,138,神津島,コウヅシマ：神津島空港,Kozushima Island,東京都,19.5
44226,B,11111011,34.123333333333335,139.52,38,三宅島,ミヤケジマ,Miyakejima Island,東京都,20.5
44228,C,11110000,34.07333333333333,139.56,20,三宅坪田,ミヤケツボタ：三宅島空港,Miyake-Tsubota,東京都,21.6
44262,C,11110000,33.115,139.785,92,八重見ヶ原,ヤエミガハラ：八丈島空港,Yaemigahara,東京都,20.2
44263,B,11111011,33.12166666666667,139.77833333333334,151,八丈島,ハチジョウジマ,Hachijojima Island,東京都,17.3
44301,D,11111011,27.091666666666665,142.19,3,父島,チチジマ,Chichijima Island,東京都,22.4
44356,E,11111011,24.28833333333333,153.98333333333332,7,南鳥島,ミナミトリシマ,Minamitorishima Island,,26.0
45061,C,11112000,35.86333333333333,140.11,20,我孫子,アビコ,Abiko,千葉県,9.7
45081,C,11112010,35.858333333333334,140.5016666666667,37,香取,カトリ,Katori,千葉県,10.7
45106,C,11112000,35.711666666666666,140.04333333333332,28,船橋,フナバシ,Funabashi,千葉県,12.6
45116,C,11112010,35.72833333333333,140.21166666666667,5,佐倉,サクラ,Sakura,千葉県,9.5
45121,C,11110000,35.763333333333335,140.385,41,成田,ナリタ：成田国際空港,Narita,千葉県,11.9
45147,A,11111111,35.73833333333333,140.85666666666663,20,銚子,チョウシ,Choshi,千葉県,17.3
45181,C,11112010,35.655,140.505,5,横芝光,ヨコシバヒカリ,Yokoshibahikari,千葉県,13.2
45212,B,11111111,35.60166666666667,140.10333333333332,3,千葉,チバ,Chiba,千葉県,14.6
45261,C,11112010,35.43666666666667,140.29333333333332,11,茂原,モバラ,Mobara,千葉県,14.1
45282,C,11112010,35.361666666666665,139.94,60,木更津,キサラヅ,Kisarazu,千葉県,14.7
45291,C,11112010,35.39666666666667,140.14833333333334,30,牛久,ウシク,Ushiku,千葉県,11.9
45326,C,11112010,35.235,140.09833333333333,120,坂畑,サカハタ,Sakahata,千葉県,11.3
45361,C,11112010,35.111666666666665,140.1,5,鴨川,カモガワ,Kamogawa,千葉県,16.0
45371,B,11111011,35.15,140.31166666666667,12,勝浦,カツウラ,Katsuura,千葉県,21.0
45401,B,11111011,34.986666666666665,139.865,6,館山,タテヤマ,Tateyama,千葉県,16.9
46091,C,11112000,35.43333333333333,139.38666666666666,18,海老名,エビナ,Ebina,神奈川県,12.6
46106,A,11111111,35.43833333333333,139.65166666666667,39,横浜,ヨコハマ,Yokohama,神奈川県,13.6
46141,C,11112010,35.32,139.45,5,辻堂,ツジドウ,Tsujido,神奈川県,14.4
46166,C,11112010,35.276666666666664,139.155,14,小田原,オダワラ,Odawara,神奈川県,13.1
46211,C,11112010,35.178333333333335,139.63,42,三浦,ミウラ,Miura,神奈川県,16.1
48031,C,11112100,36.91166666666667,138.44166666666666,576,野沢温泉,ノザワオンセン,Nozawa Onsen,長野県,3.1
48061,C,11112100,36.80833333333333,138.19666666666666,685,信濃町,シナノマチ,Shinano-Machi,長野県,2.0
48066,C,11112110,36.875,138.375,313,飯山,イイヤマ,Iiyama,長野県,1.2
48141,C,11112100,36.69833333333333,137.86166666666668,703,白馬,ハクバ,Hakuba,長野県,-0.4
48156,A,11111111,36.66166666666667,138.19166666666666,418,長野,ナガノ,Nagano,長野県,4.4
48191,C,11112100,36.52333333333333,137.83166666666668,784,大町,オオマチ,Omachi,長野県,2.1
48196,C,11112000,36.54833333333333,137.99666666666667,509,信州新町,シンシュウシンマチ,Shinshu-Shinmachi,長野県,2.6
48216,C,11112100,36.531666666666666,138.325,1253,菅平,スガダイラ,Sugadaira,長野県,7.1
48256,C,11112010,36.4,138.265,502,上田,ウエダ,Ueda,長野県,3.6
48296,C,11112000,36.34333333333333,137.88166666666666,540,穂高,ホタカ,Hotaka,長野県,0.7
48321,C,11112000,36.38333333333333,138.38333333333333,958,東御,トウミ,Tomi,長野県,7.4
48331,B,11111111,36.34166666666667,138.54666666666665,999,軽井沢,カルイザワ,Karuizawa,長野県,6.4
48361,B,11111111,36.24666666666667,137.97,610,松本,マツモト,Matsumoto,長野県,3.9
48363,C,11110000,36.16666666666666,137.92166666666665,658,松本今井,マツモトイマイ：松本空港,Matsumoto-Imai,長野県,4.0
48381,C,11112000,36.27166666666667,138.31333333333333,715,立科,タテシナ,Tateshina,長野県,2.0
48386,C,11112000,36.24666666666667,138.47666666666666,683,佐久,サク,Saku,長野県,1.6
48466,C,11112000,36.08833333333333,137.68333333333334,1068,奈川,ナガワ,Nagawa,長野県,-0.9
48491,B,11111111,36.045,138.10833333333332,760,諏訪,スワ,Suwa,長野県,3.2
48531,C,11112110,35.93833333333333,137.60166666666666,1130,開田高原,カイダコウゲン,Kaida Highlands,長野県,-1.3
48536,C,11112000,35.93666666666667,137.78666666666666,985,木祖薮原,キソヤブハラ,Kiso-Yabuhara,長野県,-0.8
48546,C,11112000,35.983333333333334,137.98333333333332,732,辰野,タツノ,Tatsuno,長野県,2.0
48561,C,11112000,35.97,138.22,1017,原村,ハラムラ,Haramura,長野県,3.2
48571,C,11112000,35.94833333333333,138.47166666666666,1350,野辺山,ノベヤマ,Nobeyama,長野県,6.5
48606,C,11112010,35.84,137.68833333333333,750,木曽福島,キソフクシマ,Kiso-Fukushima,長野県,0.0
48621,C,11112000,35.825,137.955,633,伊那,イナ,Ina,長野県,2.2
48717,C,11112000,35.61,137.62,560,南木曽,ナギソ,Nagiso,長野県,5.0
48731,C,11112000,35.653333333333336,137.89833333333334,728,飯島,イイジマ,Iijima,長野県,4.1
48767,B,11111111,35.52333333333333,137.82166666666666,516,飯田,イイダ,Iida,長野県,4.7
48826,C,11112000,35.373333333333335,137.69166666666666,940,浪合,ナミアイ,Namiai,長野県,5.4
48841,C,11112000,35.321666666666665,137.93166666666667,407,南信濃,ミナミシナノ,Minami-Shinano,長野県,3.6
49036,C,11112000,35.861666666666665,138.38666666666666,867,大泉,オオイズミ,Oizumi,山梨県,5.5
49086,C,11112000,35.693333333333335,138.44833333333332,341,韮崎,ニラサキ,Nirasaki,山梨県,6.2
49142,A,11111111,35.666666666666664,138.55333333333334,273,甲府,コウフ,Kofu,山梨県,6.4
49151,C,11112000,35.663333333333334,138.725,394,勝沼,カツヌマ,Katsunuma,山梨県,7.3
49161,C,11112010,35.608333333333334,138.93833333333333,364,大月,オオツキ,Otsuki,山梨県,5.7
49196,C,11112000,35.528333333333336,138.615,552,古関,フルセキ,Furuseki,山梨県,5.2
49236,C,11112000,35.46666666666667,138.44166666666666,226,切石,キリイシ,Kiriishi,山梨県,5.9
49251,B,11111111,35.5,138.76,860,河口湖,カワグチコ,Lake Kawaguchi,山梨県,3.5
49256,C,11112000,35.43666666666667,138.83666666666667,992,山中,ヤマナカ,Yamanaka,山梨県,3.9
49316,C,11112010,35.288333333333334,138.445,141,南部,ナンブ,Nanbu,山梨県,9.7
50066,F,10001011,35.36,138.72666666666666,3775,富士山,フジサン,Mt.Fuji,,-6.4
50106,C,11112010,35.21666666666667,138.22166666666666,755,井川,イカワ,Ikawa,静岡県,8.9
50136,C,11112010,35.305,138.92666666666668,472,御殿場,ゴテンバ,Gotenba,静岡県,11.3
50196,C,11112010,35.185,138.66333333333333,66,富士,フジ,Fuji,静岡県,13.8
50206,B,11111011,35.11333333333334,138.925,21,三島,ミシマ,Mishima,静岡県,13.6
50211,C,11110000,35.115,139.08333333333334,144,熱海伊豆山,アタミイズサン,Atamiizusan,静岡県,15.3
50226,C,11112010,35.056666666666665,137.76166666666666,150,佐久間,サクマ,Sakuma,静岡県,8.4
50241,C,11112010,35.10166666666667,138.12833333333333,290,川根本町,カワネホンチョウ,Kawane-Honcho,静岡県,10.0
50261,C,11112010,35.053333333333335,138.52166666666668,3,清水,シミズ,Shimizu,静岡県,14.7
50281,B,11111011,35.045,139.09166666666667,67,網代,アジロ,Ajiro,静岡県,15.7
50331,A,11111111,34.975,138.40333333333334,14,静岡,シズオカ,Shizuoka,静岡県,15.2
50386,C,11112010,34.89,137.81333333333333,61,天竜,テンリュウ,Tenryu,静岡県,12.6
50456,B,11111011,34.75333333333333,137.71166666666667,46,浜松,ハママツ,Hamamatsu,静岡県,12.9
50476,C,11112010,34.785,138.13833333333332,191,菊川牧之原,キクガワマキノハラ,Kikugawa-Makinohara,静岡県,14.1
50477,C,11110000,34.795,138.18833333333333,132,静岡空港,シズオカクウコウ：静岡空港,Shizuoka Airport,静岡県,14.1
50491,C,11112010,34.755,138.78333333333333,4,松崎,マツザキ,Matsuzaki,静岡県,14.2
50506,C,11112010,34.781666666666666,139.04833333333335,130,稲取,イナトリ,Inatori,静岡県,17.7
50536,C,11112010,34.69166666666667,137.88,1,磐田,イワタ,Iwata,静岡県,13.2
50551,B,11111011,34.60333333333333,138.21333333333334,45,御前崎,オマエザキ,Omaezaki,静岡県,14.4
50561,B,11111011,34.60333333333333,138.84166666666667,52,石廊崎,イロウザキ,Irozaki,静岡県,16.8
51031,C,11112010,35.21666666666667,136.69833333333332,5,愛西,アイサイ,Aisai,愛知県,8.6
51071,C,11112010,35.211666666666666,137.50666666666666,505,稲武,イナブ,Inabu,愛知県,4.8
51106,A,11111111,35.166666666666664,136.965,51,名古屋,ナゴヤ,Nagoya,愛知県,11.5
51116,C,11112010,35.13166666666667,137.17666666666668,75,豊田,トヨタ,Toyota,愛知県,11.4
51216,C,11112010,34.995,136.94333333333333,32,大府,オオブ,Obu,愛知県,9.3
51226,C,11112010,34.91833333333334,137.19333333333333,47,岡崎,オカザキ,Okazaki,愛知県,10.3
51247,C,11112010,34.906666666666666,137.51833333333337,53,新城,シンシロ,Shinshiro,愛知県,10.1
51261,C,11110000,34.858333333333334,136.805,4,セントレア,セントレア：中部国際空港,Centrair,愛知県,12.0
51281,C,11112010,34.845,137.21666666666667,55,蒲郡,ガマゴオリ,Gamagori,愛知県,12.5
51311,C,11112010,34.74,136.93833333333333,16,南知多,ミナミチタ,Minamichita,愛知県,10.0
51331,C,11112010,34.75,137.34166666666667,3,豊橋,トヨハシ,Toyohashi,愛知県,10.9
51346,B,11111011,34.62833333333333,137.09333333333333,6,伊良湖,イラコ,Irako,愛知県,9.8
52041,C,11112100,36.305,137.1,471,河合,カワイ,Kawai,岐阜県,2.2
52051,C,11112100,36.321666666666665,137.30833333333334,455,神岡,カミオカ,Kamioka,岐阜県,1.9
52081,C,11112100,36.27333333333333,136.89666666666668,478,白川,シラカワ,Shirakawa,岐阜県,1.7
52111,C,11112000,36.248333333333335,137.50333333333333,765,栃尾,トチオ,Tochio,岐阜県,1.9
52146,B,11111111,36.155,137.25333333333333,560,高山,タカヤマ,Takayama,岐阜県,2.0
52181,C,11112000,36.06,137.035,1015,六厩,ムマヤ,Mumaya,岐阜県,-0.9
52196,C,11112000,36.015,137.38833333333332,930,宮之前,ミヤノマエ,Miyanomae,岐阜県,-0.8
52221,C,11112110,35.92333333333333,136.83166666666668,430,長滝,ナガタキ,Nagataki,岐阜県,5.6
52286,C,11112010,35.888333333333335,137.20666666666668,425,萩原,ハギワラ,Hagiwara,岐阜県,4.5
52331,C,11112000,35.75666666666667,136.97833333333332,271,八幡,ハチマン,Hachiman,岐阜県,6.2
52346,C,11112000,35.763333333333335,137.28833333333333,450,宮地,ミヤジ,Miyaji,岐阜県,4.7
52381,C,11112110,35.638333333333335,136.60166666666666,190,樽見,タルミ,Tarumi,岐阜県,6.7
52406,C,11112000,35.66166666666667,137.16,233,金山,カナヤマ,Kanayama,岐阜県,6.3
52461,C,11112000,35.555,136.91,68,美濃,ミノ,Mino,岐阜県,10.4
52482,C,11112000,35.598333333333336,137.31833333333333,517,黒川,クロカワ,Kurokawa,岐阜県,5.9
52511,C,11112000,35.485,136.56666666666666,45,揖斐川,イビガワ,Ibigawa,岐阜県,9.2
52536,C,11112000,35.445,137.005,74,美濃加茂,ミノカモ,Minokamo,岐阜県,9.2
52556,C,11112000,35.446666666666665,137.40333333333334,315,恵那,エナ,Ena,岐阜県,5.6
52557,C,11112000,35.47666666666667,137.48666666666668,378,中津川,ナカツガワ,Nakatsugawa,岐阜県,6.7
52571,C,11112110,35.36333333333334,136.46666666666667,130,関ケ原,セキガハラ,Sekigahara,岐阜県,7.7
52581,C,11112000,35.346666666666664,136.62,6,大垣,オオガキ,Ogaki,岐阜県,9.7
52586,A,11111111,35.4,136.76166666666666,13,岐阜,ギフ,Gifu,岐阜県,11.0
52606,C,11112000,35.346666666666664,137.10833333333332,120,多治見,タジミ,Tajimi,岐阜県,10.5
53041,C,11112010,35.05,136.69333333333333,3,桑名,クワナ,Kuwana,三重県,10.7
53061,B,11111011,34.94,136.58,55,四日市,ヨッカイチ,Yokkaichi,三重県,9.1
53091,C,11112010,34.87,136.45333333333335,70,亀山,カメヤマ,Kameyama,三重県,6.9
53112,B,11111011,34.76166666666667,136.14166666666668,159,上野,ウエノ,Ueno,三重県,4.8
53133,A,11111111,34.733333333333334,136.51833333333337,3,津,ツ,Tsu,三重県,9.3
53196,C,11112010,34.528333333333336,136.665,10,小俣,オバタ,Obata,三重県,7.1
53231,C,11112010,34.44833333333333,136.39,120,粥見,カユミ,Kayumi,三重県,6.1
53257,C,11112010,34.48166666666667,136.825,2,鳥羽,トバ,Toba,三重県,7.9
53296,C,11112010,34.345,136.68166666666667,6,南伊勢,ミナミイセ,Minami-Ise,三重県,8.6
53326,C,11112010,34.208333333333336,136.32666666666665,3,紀伊長島,キイナガシマ,Kii-Nagashima,三重県,8.7
53378,B,11111011,34.068333333333335,136.19333333333333,15,尾鷲,オワセ,Owase,三重県,10.2
53401,C,11112010,33.931666666666665,136.13833333333332,23,熊野新鹿,クマノアタシカ,Kumano-Atashika,三重県,12.2
54012,C,11112000,38.465,139.25333333333333,4,粟島,アワシマ,Awashima Island,新潟県,13.6
54041,C,11112000,38.33,138.51166666666666,58,弾崎,ハジキザキ,Hajikizaki,新潟県,12.5
54086,C,11112010,38.22666666666667,139.47833333333332,10,村上,ムラカミ,Murakami,新潟県,4.1
54157,B,11111111,38.028333333333336,138.24,6,相川,アイカワ,Aikawa,新潟県,13.5
54166,C,11112000,38.07333333333333,138.44,2,両津,リョウツ,Ryotsu,新潟県,8.9
54181,C,11112000,38.07666666666667,139.38833333333332,14,中条,ナカジョウ,Nakajo,新潟県,5.9
54191,C,11112100,38.09166666666667,139.56333333333333,33,下関,シモセキ,Shimoseki,新潟県,2.5
54232,A,11111111,37.89333333333333,139.01833333333337,4,新潟,ニイガタ,Niigata,新潟県,8.2
54236,C,11110100,37.955,139.11166666666668,1,松浜,マツハマ：新潟空港,Matsuhama,新潟県,8.9
54271,C,11112000,37.84166666666667,138.31333333333333,11,羽茂,ハモチ,Hamochi,新潟県,9.0
54296,C,11112110,37.79166666666666,139.08666666666667,3,新津,ニイツ,Niitsu,新潟県,5.1
54341,C,11112000,37.76833333333333,138.91333333333333,2,巻,マキ,Maki,新潟県,5.9
54387,C,11112000,37.64,138.76666666666668,44,寺泊,テラドマリ,Teradomari,新潟県,6.9
54396,C,11112000,37.64,138.955,9,三条,サンジョウ,Sanjo,新潟県,6.7
54421,C,11112100,37.67166666666667,139.44666666666666,100,津川,ツガワ,Tsugawa,新潟県,3.1
54501,C,11112100,37.45,138.82333333333332,23,長岡,ナガオカ,Nagaoka,新潟県,7.5
54541,C,11112110,37.35166666666667,138.55333333333334,7,柏崎,カシワザキ,Kashiwazaki,新潟県,6.2
54566,C,11112100,37.34666666666666,139.04333333333332,222,守門,スモン,Sumon,新潟県,3.6
54586,C,11112010,37.225,138.325,13,大潟,オオガタ,Ogata,新潟県,7.2
54616,C,11112100,37.22666666666667,138.96333333333334,98,小出,コイデ,Koide,新潟県,3.7
54651,B,11111111,37.10666666666667,138.24666666666667,13,高田,タカダ,Takada,新潟県,6.9
54661,C,11112100,37.10666666666667,138.45666666666668,126,安塚,ヤスヅカ,Yasuzuka,新潟県,4.1
54676,C,11112100,37.14333333333333,138.72666666666666,170,十日町,トオカマチ,Tokamachi,新潟県,4.5
54711,C,11112000,37.04333333333334,137.875,8,糸魚川,イトイガワ,Itoigawa,新潟県,8.6
54721,C,11112100,37.083333333333336,138.02333333333334,55,能生,ノウ,Nou,新潟県,6.7
54816,C,11112100,36.93333333333333,138.22166666666666,350,関山,セキヤマ,Sekiyama,新潟県,9.4
54836,C,11112100,36.99666666666667,138.68333333333334,452,津南,ツナン,Tsunan,新潟県,6.4
54841,C,11112100,36.94166666666667,138.81,340,湯沢,ユザワ,Yuzawa,新潟県,4.4
55022,C,11112110,36.93666666666667,137.56333333333333,43,朝日,アサヒ,Asahi,富山県,10.4
55041,C,11112100,36.86333333333333,136.96,7,氷見,ヒミ,Himi,富山県,3.8
55056,C,11112110,36.821666666666665,137.42833333333334,48,魚津,ウオヅ,Uozu,富山県,8.8
55091,B,11111111,36.79166666666666,137.055,12,伏木,フシキ,Fushiki,富山県,9.6
55102,A,11111111,36.708333333333336,137.20166666666665,9,富山,トヤマ,Toyama,富山県,8.4
55141,C,11112110,36.61,136.955,69,砺波,トナミ,Tonami,富山県,10.3
55151,C,11110100,36.64833333333333,137.18666666666667,24,秋ヶ島,アキガシマ：富山空港,Akigashima,富山県,8.0
55166,C,11112000,36.67,137.42333333333335,296,上市,カミイチ,Kamiichi,富山県,3.2
55191,C,11112000,36.545,136.87166666666667,91,南砺高宮,ナントタカミヤ,Nanto-Takamiya,富山県,7.0
55206,C,11112010,36.57,137.15833333333333,124,八尾,ヤツオ,Yatsuo,富山県,6.3
56036,C,11112110,37.446666666666665,137.28666666666666,4,珠洲,スズ,Suzu,石川県,7.1
56052,B,11111111,37.39,136.895,5,輪島,ワジマ,Wajima,石川県,8.2
56093,C,11110000,37.29333333333334,136.96166666666667,219,三井,ミイ：能登空港,Mii,石川県,9.2
56116,C,11112010,37.14333333333333,136.725,6,志賀,シカ,Shika,石川県,8.3
56146,C,11112110,37.03,136.99166666666667,58,七尾,ナナオ,Nanao,石川県,7.2
56176,C,11112010,36.89333333333333,136.77666666666667,15,羽咋,ハクイ,Hakui,石川県,7.5
56186,C,11112000,36.711666666666666,136.69166666666666,42,かほく,カホク,Kahoku,石川県,7.8
56227,A,11111111,36.58833333333333,136.63333333333333,6,金沢,カナザワ,Kanazawa,石川県,9.4
56276,C,11112000,36.38166666666667,136.435,3,小松,コマツ,Komatsu,石川県,6.6
56286,C,11112100,36.39666666666667,136.62,136,白山河内,ハクサンカワチ,Hakusan-kawachi,石川県,4.1
56301,C,11112100,36.26166666666666,136.39666666666668,65,加賀中津原,カガナカツハラ,Kaga-Nakatsuhara,石川県,6.7
57001,C,11112000,36.24333333333333,136.17333333333335,34,三国,ミクニ,Mikuni,福井県,10.1
57026,C,11110000,36.141666666666666,136.22333333333333,5,春江,ハルエ：福井空港,Harue,福井県,10.1
57051,C,11112010,36.01166666666666,135.99,30,越廼,コシノ,Koshino,福井県,16.7
57066,A,11111111,36.055,136.22166666666666,9,福井,フクイ,Fukui,福井県,8.5
57082,C,11112000,36.03833333333333,136.52166666666668,196,勝山,カツヤマ,Katsuyama,福井県,7.4
57121,C,11112100,35.971666666666664,136.49666666666667,182,大野,オオノ,Ohno,福井県,7.1
57206,C,11112100,35.766666666666666,136.2,128,今庄,イマジョウ,Imajo,福井県,5.4
57248,B,11111111,35.653333333333336,136.06166666666667,2,敦賀,ツルガ,Tsuruga,福井県,13.0
57286,C,11112000,35.6,135.91666666666666,10,美浜,ミハマ,Mihama,福井県,10.4
57317,C,11112110,35.483333333333334,135.78166666666667,10,小浜,オバマ,Obama,福井県,8.4
60051,C,11112110,35.41166666666667,136.02833333333334,88,今津,イマヅ,Imazu,滋賀県,6.2
60061,C,11112010,35.42333333333333,136.24166666666667,95,長浜,ナガハマ,Nagahama,滋賀県,6.3
60102,C,11112110,35.38333333333333,136.34333333333333,147,米原,マイバラ,Maibara,滋賀県,5.7
60116,C,11112010,35.235,135.95666666666668,90,南小松,ミナミコマツ,Minami-Komatsu,滋賀県,6.8
60131,A,11111111,35.275,136.24333333333334,87,彦根,ヒコネ,Hikone,滋賀県,8.0
60196,C,11112010,35.06166666666667,136.19,128,東近江,ヒガシオウミ,Higashi-Omi,滋賀県,5.5
60216,C,11112110,34.99166666666667,135.91166666666666,86,大津,オオツ,Otsu,滋賀県,6.7
60226,C,11112010,34.913333333333334,136.08,265,信楽,シガラキ,Shigaraki,滋賀県,1.1
60236,C,11112010,34.93833333333333,136.27833333333334,248,土山,ツチヤマ,Tsuchiyama,滋賀県,5.3
61001,C,11112010,35.736666666666665,135.08666666666667,42,間人,タイザ,Taiza,京都府,15.0
61076,C,11112010,35.55,135.235,2,宮津,ミヤヅ,Miyazu,京都府,11.1
61111,B,11111111,35.45,135.31666666666666,2,舞鶴,マイヅル,Maizuru,京都府,9.5
61187,C,11112010,35.31166666666667,135.11333333333334,17,福知山,フクチヤマ,Fukuchiyama,京都府,6.4
61206,C,11112110,35.275,135.55,200,美山,ミヤマ,Miyama,京都府,5.0
61242,C,11112010,35.108333333333334,135.455,134,園部,ソノベ,Sonobe,京都府,3.8
61286,A,11111111,35.013333333333335,135.73166666666663,41,京都,キョウト,Kyoto,京都府,9.2
61326,C,11112010,34.83,135.76,20,京田辺,キョウタナベ,Kyotanabe,京都府,5.3
62016,C,11112010,34.94833333333333,135.455,235,能勢,ノセ,Nose,大阪府,3.9
62046,C,11112010,34.80833333333333,135.67166666666665,26,枚方,ヒラカタ,Hirakata,大阪府,8.7
62051,C,11110000,34.78333333333333,135.43833333333333,12,豊中,トヨナカ：大阪国際空港,Toyonaka,大阪府,8.3
62078,A,11111111,34.681666666666665,135.51833333333337,23,大阪,オオサカ,Osaka,大阪府,10.6
62081,C,11112010,34.675,135.67666666666668,626,生駒山,イコマヤマ,Mt.Ikoma,大阪府,9.3
62091,C,11112010,34.555,135.485,20,堺,サカイ,Sakai,大阪府,10.0
62096,C,11110000,34.596666666666664,135.6,10,八尾,ヤオ：八尾空港,Yao,大阪府,9.0
62101,C,11110000,34.43333333333333,135.23166666666663,5,関空島,カンクウジマ：関西国際空港,Kanku Island,大阪府,13.8
62131,C,11112010,34.385,135.35,68,熊取,クマトリ,Kumatori,大阪府,10.1
63016,C,11112110,35.625,134.6266666666667,5,香住,カスミ,Kasumi,兵庫県,9.2
63051,B,11111111,35.535,134.82166666666666,3,豊岡,トヨオカ,Toyooka,兵庫県,6.5
63071,C,11112110,35.431666666666665,134.58333333333334,540,兎和野高原,ウワノコウゲン,Uwano Highlands,兵庫県,11.1
63121,C,11112110,35.32333333333333,134.84833333333333,80,和田山,ワダヤマ,Wadayama,兵庫県,4.9
63201,C,11112010,35.166666666666664,134.79166666666666,320,生野,イクノ,Ikuno,兵庫県,6.1
63216,C,11112010,35.13666666666666,135.065,98,柏原,カイバラ,Kaibara,兵庫県,6.7
63251,C,11112010,35.096666666666664,134.585,195,一宮,イチノミヤ,Ichinomiya,兵庫県,5.4
63321,C,11112010,34.95,134.7483333333333,72,福崎,フクサキ,Fukusaki,兵庫県,7.9
63331,C,11112010,34.998333333333335,134.99666666666667,72,西脇,ニシワキ,Nishiwaki,兵庫県,5.7
63366,C,11112010,34.858333333333334,134.3733333333333,20,上郡,カミゴオリ,Kamigori,兵庫県,7.5
63383,B,11111011,34.83833333333333,134.67,38,姫路,ヒメジ,Himeji,兵庫県,8.6
63411,C,11112010,34.895,135.21166666666667,150,三田,サンダ,Sanda,兵庫県,3.9
63461,C,11112010,34.776666666666664,135.01333333333332,145,三木,ミキ,Miki,兵庫県,10.4
63491,C,11112010,34.67166666666667,134.52666666666667,88,家島,イエシマ,Ieshima,兵庫県,11.4
63496,C,11112010,34.68666666666667,134.8766666666667,3,明石,アカシ,Akashi,兵庫県,9.3
63517,C,11110000,34.63166666666667,135.22333333333333,5,神戸空港,コウベクウコウ：神戸空港,Kobe Airport,兵庫県,12.5
63518,A,11111111,34.696666666666665,135.21166666666667,5,神戸,コウベ,Kobe,兵庫県,11.5
63551,C,11112010,34.46666666666667,134.84833333333333,5,郡家,グンゲ,Gunge,兵庫県,7.8
63571,B,11111011,34.31,134.84833333333333,69,洲本,スモト,Sumoto,兵庫県,10.5
63588,C,11112010,34.218333333333334,134.72,5,南淡,ナンダン,Nandan,兵庫県,12.2
64036,A,11111111,34.67333333333333,135.83666666666667,102,奈良,ナラ,Nara,奈良県,7.5
64041,C,11112010,34.605,135.95166666666665,468,針,ハリ,Hari,奈良県,2.2
64101,C,11112010,34.48833333333334,135.93166666666667,349,大宇陀,オオウダ,Ouda,奈良県,2.8
64127,C,11112010,34.38,135.73,190,五條,ゴジョウ,Gojo,奈良県,5.1
64206,C,11112010,34.13666666666666,136.005,334,上北山,カミキタヤマ,Kamikitayama,奈良県,5.2
64227,C,11112010,34.045,135.78666666666666,301,風屋,カゼヤ,Kazeya,奈良県,5.2
65026,C,11112010,34.31,135.52833333333334,142,かつらぎ,カツラギ,Katsuragi,和歌山県,6.8
65036,C,11112010,34.28,134.9983333333333,44,友ケ島,トモガシマ,Tomogashima Island,和歌山県,13.9
65042,A,11111111,34.22833333333333,135.16333333333333,14,和歌山,ワカヤマ,Wakayama,和歌山県,10.1
65061,C,11112010,34.221666666666664,135.59,801,高野山,コウヤサン,Koyasan,和歌山県,1.9
65121,C,11112010,34.086666666666666,135.425,240,清水,シミズ,Shimizu,和歌山県,5.3
65162,C,11112010,33.945,135.55666666666667,410,龍神,リュウジン,Ryujin,和歌山県,5.3
65201,C,11112010,33.89333333333333,135.21666666666667,84,川辺,カワベ,Kawabe,和歌山県,9.3
65256,C,11112010,33.791666666666664,135.51333333333332,160,栗栖川,クリスガワ,Kurisugawa,和歌山県,7.7
65276,C,11112010,33.68666666666667,135.97,18,新宮,シングウ,Shingu,和歌山県,10.9
65288,C,11110000,33.66166666666667,135.36333333333334,89,南紀白浜,ナンキシラハマ：南紀白浜空港,Nanki-Shirahama,和歌山県,10.7
65306,C,11112010,33.638333333333335,135.71,150,西川,ニシカワ,Nishikawa,和歌山県,5.2
65356,B,11111011,33.45,135.75666666666666,68,潮岬,シオノミサキ,Cape Shiono,和歌山県,12.7
66046,C,11112110,35.29666666666667,133.725,430,上長田,カミナガタ,Kaminagata,岡山県,10.6
66091,C,11112110,35.10333333333333,133.435,525,千屋,チヤ,Chiya,岡山県,3.5
66127,C,11112010,35.111666666666665,134.17,212,奈義,ナギ,Nagi,岡山県,4.8
66136,C,11112110,35.098333333333336,134.325,207,今岡,イマオカ,Imaoka,岡山県,5.8
66171,C,11112010,35.068333333333335,133.75333333333333,144,久世,クセ,Kuse,岡山県,6.8
66186,B,11111111,35.06333333333333,134.00833333333333,146,津山,ツヤマ,Tsuyama,岡山県,6.4
66221,C,11112010,34.943333333333335,133.51833333333337,393,新見,ニイミ,Niimi,岡山県,5.6
66296,C,11112010,34.86666666666667,133.90333333333334,63,福渡,フクワタリ,Fukuwatari,岡山県,7.4
66306,C,11112010,34.815,134.18333333333334,35,和気,ワケ,Wake,岡山県,6.4
66336,C,11112010,34.791666666666664,133.61,60,高梁,タカハシ,Takahashi,岡山県,8.6
66346,C,11110000,34.75666666666667,133.855,239,日応寺,ニチオウジ：岡山空港,Nichioji,岡山県,9.0
66408,A,11111111,34.685,133.925,5,岡山,オカヤマ,Okayama,岡山県,9.7
66421,C,11112010,34.681666666666665,134.20666666666668,10,虫明,ムシアゲ,Mushiage,岡山県,9.4
66446,C,11112010,34.59,133.76833333333337,3,倉敷,クラシキ,Kurashiki,岡山県,9.5
66481,C,11112010,34.501666666666665,133.495,0,笠岡,カサオカ,Kasaoka,岡山県,9.9
66501,C,11112010,34.486666666666665,133.95,2,玉野,タマノ,Tamano,岡山県,11.8
67016,C,11112110,35.03333333333333,132.90166666666667,570,高野,タカノ,Takano,広島県,2.7
67106,C,11112010,34.81166666666667,132.85,159,三次,ミヨシ,Miyoshi,広島県,6.3
67116,C,11112010,34.86,133.02333333333334,300,庄原,ショウバラ,Shobara,広島県,5.5
67151,C,11112110,34.76833333333333,132.46333333333334,399,大朝,オオアサ,Oasa,広島県,4.1
67191,C,11112010,34.763333333333335,133.27833333333334,510,油木,ユキ,Yuki,広島県,4.9
67212,C,11112010,34.61,132.32,210,加計,カケ,Kake,広島県,9.0
67292,C,11112010,34.545,132.53,70,三入,ミイリ,Miiri,広島県,10.2
67316,C,11112010,34.583333333333336,133.05,350,世羅,セラ,Sera,広島県,5.8
67326,C,11112010,34.56166666666667,133.23166666666663,70,府中,フチュウ,Fuchu,広島県,8.9
67376,C,11112010,34.416666666666664,132.7,224,東広島,ヒガシヒロシマ,Higashi-Hiroshima,広島県,7.4
67386,C,11110000,34.435,132.91833333333332,331,本郷,ホンゴウ：広島空港,Hongo,広島県,12.0
67401,B,11111011,34.446666666666665,133.24666666666667,2,福山,フクヤマ,Fukuyama,広島県,10.1
67421,C,11112010,34.365,132.19,317,廿日市津田,ハツカイチツタ,Hatsukaichi-Tsuta,広島県,7.2
67437,A,11111111,34.39833333333333,132.46166666666667,4,広島,ヒロシマ,Hiroshima,広島県,12.4
67461,C,11112010,34.33,132.98166666666663,5,竹原,タケハラ,Takehara,広島県,12.7
67471,C,11112010,34.278333333333336,133.1233333333333,3,生口島,イクチジマ,Ikuchijima  Island,広島県,11.7
67496,C,11112010,34.221666666666664,132.22,1,大竹,オオタケ,Otake,広島県,10.8
67511,B,11111011,34.24,132.55,4,呉,クレ,Kure,広島県,12.8
67576,C,11112010,34.165,132.7483333333333,48,呉市蒲刈,クレシカマガリ,"Kamagari, Kure City",広島県,14.4
68022,B,11111111,36.20333333333333,133.33333333333334,27,西郷,サイゴウ,Saigo,島根県,18.1
68046,C,11110000,36.178333333333335,133.32333333333332,80,西郷岬,サイゴウミサキ：隠岐空港,Cape Saigo,島根県,17.5
68056,C,11112010,36.09666666666666,133.09666666666666,3,海士,アマ,Ama,島根県,17.9
68091,C,11112010,35.52,132.98333333333332,3,鹿島,カシマ,Kashima,島根県,13.9
68121,C,11110100,35.413333333333334,132.89,2,斐川,ヒカワ：出雲空港,Hikawa,島根県,9.7
68132,A,11111111,35.45666666666666,133.065,17,松江,マツエ,Matsue,島根県,10.2
68156,C,11112010,35.33166666666666,132.73,20,出雲,イズモ,Izumo,島根県,15.8
68246,C,11112010,35.19,132.49666666666667,30,大田,オオダ,Oda,島根県,12.7
68261,C,11112010,35.196666666666665,132.815,215,掛合,カケヤ,Kakeya,島根県,6.8
68276,C,11112110,35.17333333333333,133.10333333333332,369,横田,ヨコタ,Yokota,島根県,4.3
68306,C,11112110,35.001666666666665,132.71166666666667,444,赤名,アカナ,Akana,島根県,8.1
68351,C,11112010,34.97666666666667,132.49166666666667,132,川本,カワモト,Kawamoto,島根県,7.9
68376,B,11111011,34.89666666666667,132.07,19,浜田,ハマダ,Hamada,島根県,17.5
68401,C,11112110,34.85333333333333,132.53,327,瑞穂,ミズホ,Mizuho,島根県,5.9
68431,C,11112110,34.776666666666664,132.10833333333332,380,弥栄,ヤサカ,Yasaka,島根県,5.1
68456,C,11110000,34.675,131.79,54,高津,タカツ：石見空港,Takatsu,島根県,12.6
68462,C,11112010,34.67666666666667,131.84333333333333,4,益田,マスダ,Masuda,島根県,10.7
68516,C,11112010,34.461666666666666,131.77,165,津和野,ツワノ,Tsuwano,島根県,7.0
68541,C,11112010,34.391666666666666,131.89333333333337,250,吉賀,ヨシカ,Yoshika,島根県,5.8
69006,B,11111111,35.54333333333334,133.235,2,境,サカイ,Sakai,鳥取県,11.1
69021,C,11112010,35.52333333333333,133.56666666666666,15,塩津,シオツ,Shiotsu,鳥取県,15.4
69041,C,11112010,35.52,133.99666666666667,13,青谷,アオヤ,Aoya,鳥取県,8.6
69052,C,11110000,35.53,134.165,15,湖山,コヤマ：鳥取空港,Koyama,鳥取県,10.9
69061,C,11112010,35.55833333333333,134.36,19,岩井,イワイ,Iwai,鳥取県,7.7
69076,B,11111111,35.43333333333333,133.33833333333334,7,米子,ヨナゴ,Yonago,鳥取県,12.5
69101,C,11112110,35.473333333333336,133.83833333333334,8,倉吉,クラヨシ,Kurayoshi,鳥取県,11.7
69122,A,11111111,35.486666666666665,134.23833333333334,7,鳥取,トットリ,Tottori,鳥取県,9.5
69246,C,11112110,35.263333333333335,134.24,182,智頭,チズ,Chizu,鳥取県,5.5
69271,C,11112010,35.18666666666667,133.23,490,茶屋,チャヤ,Chaya,鳥取県,3.1
71066,C,11112010,34.02333333333333,133.795,214,池田,イケダ,Ikeda,徳島県,9.0
71087,C,11112010,34.04,134.15666666666667,160,穴吹,アナブキ,Anabuki,徳島県,9.8
71106,A,11111111,34.06666666666667,134.57333333333332,2,徳島,トクシマ,Tokushima,徳島県,10.9
71191,C,11112010,33.86666666666667,133.90333333333334,532,京上,キョウジョウ,Kyojo,徳島県,6.3
71231,C,11112010,33.836666666666666,134.74166666666667,10,蒲生田,カモダ,Kamoda,徳島県,11.4
71251,C,11112010,33.77166666666667,134.19833333333332,363,木頭,キトウ,Kito,徳島県,7.2
71266,C,11112010,33.73166666666667,134.53833333333333,3,日和佐,ヒワサ,Hiwasa,徳島県,11.1
71291,C,11112010,33.611666666666665,134.355,5,海陽,カイヨウ,Kaiyo,徳島県,9.9
72061,C,11112010,34.471666666666664,134.27333333333334,20,内海,ウチノミ,Uchinomi,香川県,11.9
72086,A,11111111,34.318333333333335,134.05333333333334,9,高松,タカマツ,Takamatsu,香川県,10.7
72111,B,11111011,34.275,133.7516666666667,4,多度津,タドツ,Tadotsu,香川県,10.5
72121,C,11112010,34.236666666666665,133.92333333333335,60,滝宮,タキノミヤ,Takinomiya,香川県,8.0
72126,C,11110000,34.21333333333333,134.015,185,香南,コウナン：高松空港,Konan,香川県,9.9
72146,C,11112010,34.21333333333333,134.40666666666667,12,引田,ヒケタ,Hiketa,香川県,12.3
72161,C,11112010,34.12,133.77166666666668,65,財田,サイタ,Saita,香川県,8.5
73001,C,11112010,34.25,133.00666666666666,9,大三島,オオミシマ,Omishima,愛媛県,9.9
73076,C,11112010,34.053333333333335,132.975,27,今治,イマバリ,Imabari,愛媛県,9.9
73126,C,11112010,33.915,133.08,4,西条,サイジョウ,Saijo,愛媛県,10.3
73141,C,11112010,33.93666666666667,133.33833333333334,90,新居浜,ニイハマ,Niihama,愛媛県,10.3
73151,C,11112010,33.98166666666667,133.58166666666668,75,四国中央,シコクチュウオウ,Shikoku-Chuo,愛媛県,13.2
73166,A,11111111,33.843333333333334,132.77666666666667,32,松山,マツヤマ,Matsuyama,愛媛県,13.0
73168,C,11110000,33.82666666666667,132.69833333333332,4,松山南吉田,マツヤマミナミヨシダ：松山空港,Matsuyama-Minamiyoshida,愛媛県,14.1
73256,C,11112010,33.61666666666667,132.48,4,長浜,ナガハマ,Nagahama,愛媛県,13.7
73276,C,11112010,33.663333333333334,132.895,511,久万,クマ,Kuma,愛媛県,6.5
73306,C,11112010,33.50833333333333,132.535,20,大洲,オオズ,Ozu,愛媛県,9.3
73341,C,11112010,33.446666666666665,132.25666666666666,143,瀬戸,セト,Seto,愛媛県,16.1
73406,C,11112010,33.36666666666667,132.50333333333333,200,宇和,ウワ,Uwa,愛媛県,8.4
73442,B,11111011,33.22666666666667,132.55166666666668,2,宇和島,ウワジマ,Uwajima,愛媛県,13.5
73446,C,11112010,33.25333333333333,132.675,129,近永,チカナガ,Chikanaga,愛媛県,9.3
73516,C,11112010,32.96333333333333,132.57,12,御荘,ミショウ,Misho,愛媛県,13.6
74056,C,11112010,33.765,133.33833333333334,605,本川,ホンガワ,Hongawa,高知県,8.3
74071,C,11112010,33.75333333333333,133.575,252,本山,モトヤマ,Motoyama,高知県,9.5
74136,C,11112010,33.69833333333333,133.875,210,大栃,オオドチ,Odochi,高知県,10.1
74182,A,11111111,33.56666666666667,133.54833333333335,1,高知,コウチ,Kochi,高知県,13.0
74187,C,11112010,33.59,133.64333333333337,12,後免,ゴメン,Gomen,高知県,12.5
74188,C,11110000,33.545,133.66833333333332,9,南国日章,ナンコクニッショウ：高知空港,Nankoku-Nissho,高知県,12.4
74271,C,11112010,33.48833333333334,133.93333333333334,6,安芸,アキ,Aki,高知県,15.3
74296,C,11112010,33.39,132.92166666666665,415,梼原,ユスハラ,Yusuhara,高知県,7.9
74311,C,11112010,33.385,133.27666666666667,4,須崎,スサキ,Susaki,高知県,13.6
74361,C,11112010,33.20666666666666,133.12833333333333,205,窪川,クボカワ,Kubokawa,高知県,10.1
74372,B,11111011,33.251666666666665,134.17666666666668,185,室戸岬,ムロトミサキ,Cape Muroto,高知県,15.7
74381,C,11112010,33.17,132.79166666666666,72,江川崎,エカワサキ,Ekawasaki,高知県,10.7
74436,C,11112010,33.07833333333333,133.10166666666666,3,佐賀,サガ,Saga,高知県,12.3
74447,B,11111011,32.92,132.695,2,宿毛,スクモ,Sukumo,高知県,13.7
74456,C,11112010,32.99,132.92,8,中村,ナカムラ,Nakamura,高知県,10.5
74516,B,11111011,32.721666666666664,133.01,31,清水,シミズ,Shimizu,高知県,18.1
81011,C,11112010,34.615,131.6233333333333,50,須佐,スサ,Susa,山口県,12.3
81071,B,11111011,34.41,131.405,2,萩,ハギ,Hagi,山口県,12.7
81116,C,11112010,34.37,131.055,20,油谷,ユヤ,Yuya,山口県,13.9
81151,C,11112010,34.39833333333333,131.725,310,徳佐,トクサ,Tokusa,山口県,5.0
81196,C,11112010,34.235,131.30666666666667,240,秋吉台,アキヨシダイ,Akiyoshidai,山口県,11.2
81231,C,11112010,34.26166666666666,131.95166666666665,97,広瀬,ヒロセ,Hirose,山口県,9.0
81266,C,11112010,34.18666666666667,131.07666666666665,40,豊田,トヨタ,Toyota,山口県,7.8
81286,B,11111111,34.16166666666667,131.46166666666667,18,山口,ヤマグチ,Yamaguchi,山口県,9.7
81321,C,11112010,34.155,132.17833333333334,41,岩国,イワクニ,Iwakuni,山口県,10.5
81371,C,11112010,34.04,131.53333333333333,4,防府,ホウフ,Hofu,山口県,10.7
81386,C,11112010,34.01,131.87166666666667,27,下松,クダマツ,Kudamatsu,山口県,11.8
81397,C,11112010,34.095,132.075,68,玖珂,クガ,Kuga,山口県,8.2
81428,A,11111111,33.94833333333333,130.925,3,下関,シモノセキ,Shimonoseki,山口県,15.2
81436,C,11110000,33.93,131.27833333333334,5,宇部,ウベ：山口宇部空港,Ube,山口県,13.3
81481,C,11112010,33.958333333333336,132.11333333333334,3,柳井,ヤナイ,Yanai,山口県,10.5
81486,C,11112010,33.903333333333336,132.29333333333332,5,安下庄,アゲノショウ,Agenosho,山口県,15.0
82046,C,11112010,33.80833333333333,130.53833333333333,7,宗像,ムナカタ,Munakata,福岡県,9.6
82056,C,11112010,33.85166666666667,130.74333333333334,20,八幡,ヤハタ,Yahata,福岡県,14.2
82068,C,11110000,33.845,131.035,7,空港北町,クウコウキタマチ：北九州空港,Kukokitamachi,福岡県,12.8
82101,C,11112010,33.71333333333333,130.975,9,行橋,ユクハシ,Yukuhashi,福岡県,9.9
82136,B,11111011,33.651666666666664,130.69333333333333,37,飯塚,イイヅカ,Iizuka,福岡県,16.1
82171,C,11112010,33.56,130.19,5,前原,マエバル,Maebaru,福岡県,17.1
82182,A,11111111,33.58166666666666,130.375,3,福岡,フクオカ,Fukuoka,福岡県,14.8
82186,C,11110000,33.583333333333336,130.45166666666665,9,博多,ハカタ：福岡空港,Hakata,福岡県,15.8
82191,C,11112010,33.49666666666667,130.49,52,太宰府,ダザイフ,Dazaifu,福岡県,15.0
82206,C,11112010,33.55833333333333,130.855,92,添田,ソエダ,Soeda,福岡県,10.8
82261,C,11112010,33.406666666666666,130.695,38,朝倉,アサクラ,Asakura,福岡県,11.4
82306,C,11112010,33.303333333333335,130.49333333333334,7,久留米,クルメ,Kurume,福岡県,12.6
82317,C,11112010,33.225,130.645,144,黒木,クロギ,Kurogi,福岡県,10.0
82361,C,11112010,33.00666666666667,130.46666666666667,40,大牟田,オオムタ,Omuta,福岡県,12.7
83021,C,11112010,33.678333333333335,131.575,53,国見,クニミ,Kunimi,大分県,14.2
83051,C,11112010,33.586666666666666,131.245,12,中津,ナカツ,Nakatsu,大分県,12.3
83061,C,11112010,33.57,131.43333333333334,5,豊後高田,ブンゴタカダ,Bungo-Takada,大分県,12.7
83106,C,11112010,33.42,131.31666666666666,90,院内,インナイ,Innai,大分県,8.0
83121,C,11112010,33.416666666666664,131.59666666666666,5,杵築,キツキ,Kitsuki,大分県,9.4
83126,C,11110000,33.47833333333333,131.73666666666668,5,武蔵,ムサシ：大分空港,Musashi,大分県,12.3
83137,B,11111011,33.321666666666665,130.92833333333334,83,日田,ヒタ,Hita,大分県,9.7
83191,C,11112010,33.291666666666664,131.155,331,玖珠,クス,Kusu,大分県,6.8
83201,C,11112010,33.25333333333333,131.34666666666666,435,湯布院,ユフイン,Yufuin,大分県,5.3
83216,A,11111111,33.235,131.61833333333334,5,大分,オオイタ,Oita,大分県,11.9
83341,C,11112010,33.065,131.63166666666666,121,犬飼,イヌカイ,Inukai,大分県,10.7
83371,C,11112010,32.973333333333336,131.39833333333334,261,竹田,タケタ,Taketa,大分県,7.2
83401,C,11112010,32.95,131.90166666666667,2,佐伯,サイキ,Saiki,大分県,11.9
83431,C,11112010,32.845,131.675,200,宇目,ウメ,Ume,大分県,9.5
83476,C,11112010,32.795,131.92333333333335,2,蒲江,カマエ,Kamae,大分県,14.2
84012,C,11112010,34.69833333333333,129.445,63,鰐浦,ワニウラ,Waniura,長崎県,16.0
84072,B,11111011,34.196666666666665,129.29166666666666,5,厳原,イヅハラ,Izuhara,長崎県,17.8
84076,C,11110000,34.285,129.33,63,美津島,ミツシマ：対馬空港,Mitsushima,長崎県,14.0
84121,C,11112010,33.8,129.72166666666666,97,芦辺,アシベ,Ashibe,長崎県,17.1
84122,C,11110000,33.748333333333335,129.785,12,石田,イシダ：壱岐空港,Ishida,長崎県,18.6
84171,B,11111011,33.36,129.55,58,平戸,ヒラド,Hirado,長崎県,16.7
84183,C,11112010,33.34166666666667,129.71166666666667,14,松浦,マツウラ,Matsuura,長崎県,14.4
84266,B,11111011,33.15833333333333,129.72666666666666,4,佐世保,サセボ,Sasebo,長崎県,15.7
84306,C,11112010,33.013333333333335,129.65166666666667,18,西海,サイカイ,Saikai,長崎県,17.3
84341,C,11112010,32.98166666666667,129.11833333333334,11,有川,アリカワ,Arikawa,長崎県,15.2
84371,C,11110000,32.916666666666664,129.91333333333333,3,大村,オオムラ：長崎空港,Omura,長崎県,15.4
84496,A,11111111,32.733333333333334,129.86666666666667,27,長崎,ナガサキ,Nagasaki,長崎県,14.6
84519,B,11111011,32.736666666666665,130.26166666666666,678,雲仙岳,ウンゼンダケ,Mt.Unzen,長崎県,10.9
84523,C,11112010,32.76,130.36166666666668,14,島原,シマバラ,Shimabara,長崎県,13.2
84536,B,11111011,32.693333333333335,128.82666666666665,25,福江,フクエ,Fukue,長崎県,17.3
84537,C,11110000,32.665,128.83166666666668,77,上大津,カミオオヅ：福江空港,Kami-Ozu,長崎県,15.9
84561,C,11112010,32.611666666666665,130.19333333333333,13,口之津,クチノツ,Kuchinotsu,長崎県,15.5
84597,C,11112010,32.58166666666666,129.77666666666667,4,脇岬,ワキミサキ,Wakimisaki,長崎県,19.8
85033,C,11112010,33.458333333333336,129.955,23,唐津,カラツ,Karatsu,佐賀県,15.2
85116,C,11112010,33.266666666666666,129.87833333333333,25,伊万里,イマリ,Imari,佐賀県,16.4
85142,A,11111111,33.265,130.305,6,佐賀,サガ,Saga,佐賀県,13.0
85161,C,11112010,33.11666666666667,129.995,81,嬉野,ウレシノ,Ureshino,佐賀県,9.6
85166,C,11112010,33.18333333333333,130.14833333333334,2,白石,シロイシ,Shiroishi,佐賀県,10.5
85176,C,11110000,33.14833333333333,130.30166666666668,2,川副,カワソエ：佐賀空港,Kawasoe,佐賀県,10.0
86006,C,11112010,33.115,130.69166666666666,119,鹿北,カホク,Kahoku,熊本県,8.5
86066,C,11112010,33.10333333333333,131.06666666666666,448,南小国,ミナミオグニ,Minami-Oguni,熊本県,7.1
86086,C,11112010,32.915,130.51166666666666,15,岱明,タイメイ,Taimei,熊本県,12.5
86101,C,11112010,32.945,130.78166666666667,83,菊池,キクチ,Kikuchi,熊本県,11.5
86111,C,11112010,32.946666666666665,131.04,487,阿蘇乙姫,アソオトヒメ,Aso-Otohime,熊本県,5.5
86141,A,11111111,32.81333333333333,130.70666666666668,38,熊本,クマモト,Kumamoto,熊本県,12.0
86146,C,11110000,32.836666666666666,130.855,193,益城,マシキ：熊本空港,Mashiki,熊本県,10.9
86157,C,11112110,32.83166666666666,131.01333333333332,394,南阿蘇,ミナミアソ,Minami-Aso,熊本県,7.3
86161,C,11112010,32.821666666666665,131.125,555,高森,タカモリ,Takamori,熊本県,8.8
86216,C,11112010,32.611666666666665,130.47833333333332,60,三角,ミスミ,Misumi,熊本県,13.6
86236,C,11112010,32.67166666666667,130.81666666666666,52,甲佐,コウサ,Kosa,熊本県,10.3
86271,C,11112010,32.515,130.44666666666666,2,松島,マツシマ,Matsushima,熊本県,11.3
86316,C,11112010,32.468333333333334,130.18,30,本渡,ホンド,Hondo,熊本県,11.7
86336,C,11112010,32.473333333333336,130.60666666666663,8,八代,ヤツシロ,Yatsushiro,熊本県,12.0
86451,C,11112010,32.205,130.40666666666667,6,水俣,ミナマタ,Minamata,熊本県,12.8
86467,B,11111011,32.21666666666667,130.755,146,人吉,ヒトヨシ,Hitoyoshi,熊本県,9.1
86477,C,11112010,32.225,130.905,166,上,ウエ,Ue,熊本県,7.1
86491,B,11111011,32.196666666666665,130.02666666666667,3,牛深,ウシブカ,Ushibuka,熊本県,14.8
87041,C,11112010,32.711666666666666,131.29,350,高千穂,タカチホ,Takachiho,宮崎県,6.9
87066,C,11112010,32.711666666666666,131.82,14,古江,フルエ,Furue,宮崎県,12.3
87071,C,11112010,32.64333333333333,131.15666666666667,590,鞍岡,クラオカ,Kuraoka,宮崎県,6.2
87141,B,11111011,32.58166666666666,131.65666666666667,19,延岡,ノベオカ,Nobeoka,宮崎県,13.0
87181,C,11112010,32.40833333333333,131.6,20,日向,ヒュウガ,Hyuga,宮崎県,13.4
87206,C,11112010,32.385,131.33166666666668,250,神門,ミカド,Mikado,宮崎県,8.0
87231,C,11112010,32.24,131.15166666666667,260,西米良,ニシメラ,Nishimera,宮崎県,7.7
87293,C,11112010,32.123333333333335,131.475,57,高鍋,タカナベ,Takanabe,宮崎県,12.5
87301,C,11112010,32.04666666666667,130.81,228,加久藤,カクトウ,Kakuto,宮崎県,7.8
87331,C,11112010,32.06333333333333,131.41333333333333,8,西都,サイト,Saito,宮崎県,10.2
87352,C,11112010,32.0,130.95333333333335,276,小林,コバヤシ,Kobayashi,宮崎県,12.3
87376,A,11111111,31.938333333333333,131.41333333333333,9,宮崎,ミヤザキ,Miyazaki,宮崎県,12.9
87406,C,11112010,31.843333333333334,131.30833333333334,134,田野,タノ,Tano,宮崎県,12.3
87412,C,11110000,31.876666666666665,131.44833333333332,6,赤江,アカエ：宮崎空港,Akae,宮崎県,13.1
87426,B,11111011,31.73,131.08166666666668,154,都城,ミヤコノジョウ,Miyakonojo,宮崎県,11.0
87492,B,11111011,31.578333333333333,131.40666666666667,3,油津,アブラツ,Aburatsu,宮崎県,13.9
87501,C,11112010,31.465,131.22,20,串間,クシマ,Kushima,宮崎県,11.5
88061,B,11111011,32.026666666666664,130.2,40,阿久根,アクネ,Akune,鹿児島県,13.5
88081,C,11112010,32.04666666666667,130.6266666666667,175,大口,オオクチ,Okuchi,鹿児島県,7.6
88107,C,11112010,31.916666666666668,130.455,59,さつま柏原,サツマカシワバル,Satsuma-Kashiwabaru,鹿児島県,7.5
88131,C,11112010,31.835,129.86666666666667,10,中甑,ナカコシキ,Nakakoshiki,鹿児島県,13.5
88151,C,11112010,31.83333333333333,130.315,5,川内,センダイ,Sendai,鹿児島県,10.4
88166,C,11110000,31.80333333333333,130.71833333333333,272,溝辺,ミゾベ：鹿児島空港,Mizobe,鹿児島県,10.4
88261,C,11112010,31.668333333333333,130.32833333333335,40,東市来,ヒガシイチキ,Higashi-Ichiki,鹿児島県,11.6
88286,C,11112010,31.661666666666665,130.84333333333333,387,牧之原,マキノハラ,Makinohara,鹿児島県,11.7
88317,A,11111111,31.555,130.54666666666665,4,鹿児島,カゴシマ,Kagoshima,鹿児島県,14.2
88331,C,11112010,31.58833333333333,130.855,360,輝北,キホク,Kihoku,鹿児島県,10.3
88371,C,11112010,31.415,130.325,9,加世田,カセダ,Kaseda,鹿児島県,11.6
88406,C,11112010,31.47833333333333,131.095,70,志布志,シブシ,Shibushi,鹿児島県,11.9
88432,C,11112010,31.386666666666667,130.54,4,喜入,キイレ,Kiire,鹿児島県,11.4
88442,C,11112010,31.391666666666666,130.86333333333334,63,鹿屋,カノヤ,Kanoya,鹿児島県,10.4
88447,C,11112010,31.34,130.93833333333333,31,肝付前田,キモツキマエダ,Kimotsuki-Maeda,鹿児島県,9.9
88466,B,11111011,31.27166666666667,130.29166666666666,30,枕崎,マクラザキ,Makurazaki,鹿児島県,12.9
88486,C,11112010,31.25,130.63666666666666,5,指宿,イブスキ,Ibusuki,鹿児島県,12.1
88506,C,11112010,31.276666666666667,131.055,8,内之浦,ウチノウラ,Uchinoura,鹿児島県,11.5
88536,C,11112010,31.19833333333333,130.84333333333333,182,田代,タシロ,Tashiro,鹿児島県,8.4
88612,B,11111011,30.72,130.98166666666663,25,種子島,タネガシマ,Tanegashima Island,鹿児島県,16.2
88621,C,11110000,30.605,130.99166666666667,234,中種子,ナカタネ：種子島空港,Nakatane,鹿児島県,15.4
88666,C,11112010,30.406666666666663,130.90166666666667,150,上中,カミナカ,Kaminaka,鹿児島県,17.1
88686,B,11111011,30.385,130.65833333333333,37,屋久島,ヤクシマ：屋久島空港,Yakushima Island,鹿児島県,15.9
88706,C,11112010,30.235,130.555,60,尾之間,オノアイダ,Onoaida,鹿児島県,19.4
88736,C,11112010,29.84,129.86666666666667,220,中之島,ナカノシマ,Nakanoshima Island,鹿児島県,15.4
88821,C,11110000,28.43,129.71166666666667,4,笠利,カサリ：奄美空港,Kasari,鹿児島県,19.6
88836,B,11111011,28.37833333333333,129.495,3,名瀬,ナゼ,Naze,鹿児島県,17.3
88851,C,11110000,28.32,129.92666666666668,5,喜界島,キカイジマ：喜界空港,Kikaijima Island,鹿児島県,22.1
88901,C,11112010,28.14333333333333,129.315,2,古仁屋,コニヤ,Koniya,鹿児島県,19.2
88931,C,11110000,27.835,128.88,2,天城,アマギ：徳之島空港,Amagi,鹿児島県,17.7
88956,C,11112010,27.676666666666662,128.97333333333333,44,伊仙,イセン,Isen,鹿児島県,19.8
88971,B,11111011,27.431666666666665,128.705,27,沖永良部,オキノエラブ：沖永良部空港,Okinoerabu,鹿児島県,21.9
88986,C,11110000,27.043333333333333,128.40166666666667,14,与論島,ヨロンジマ：与論空港,Yoronjima Island,鹿児島県,21.9
91011,C,11112010,26.94833333333333,127.94,14,伊是名,イゼナ,Izena,沖縄県,22.7
91021,C,11112010,26.835,128.27166666666668,232,奥,オク,Oku,沖縄県,19.7
91107,B,11111011,26.593333333333334,127.965,6,名護,ナゴ,Nago,沖縄県,19.3
91141,C,11110000,26.363333333333333,126.71333333333334,7,北原,キタハラ：久米島空港,Kitahara,沖縄県,22.0
91146,B,11111011,26.336666666666662,126.80333333333331,5,久米島,クメジマ,Kumejima Island,沖縄県,20.5
91166,C,11112010,26.363333333333333,127.97166666666666,100,宮城島,ミヤギジマ,Miyagijima Island,沖縄県,21.8
91181,C,11112010,26.21,127.36333333333332,220,渡嘉敷,トカシキ,Tokashiki,沖縄県,20.5
91197,A,11111011,26.206666666666667,127.68666666666668,28,那覇,ナハ,Naha,沖縄県,21.5
91236,C,11110000,26.19333333333333,127.63833333333334,3,安次嶺,アシミネ：那覇空港,Ashimine,沖縄県,20.7
91241,C,11112010,26.15333333333333,127.765,186,糸数,イトカズ,Itokazu,沖縄県,20.4
92006,C,11110000,25.94333333333333,131.32666666666665,22,北大東,キタダイトウ：北大東空港,Kita-Daito,沖縄県,24.6
92011,A,11111011,25.828333333333333,131.22833333333332,15,南大東,ミナミダイトウ,Minami-Daito,沖縄県,23.1
92012,C,11110000,25.846666666666668,131.26333333333332,48,旧東,キュウトウ：南大東空港,Kyuto,沖縄県,23.7
93012,C,11110000,24.826666666666668,125.14333333333332,8,下地島,シモジシマ：下地島空港,Shimojishima Island,沖縄県,20.4
93041,A,11111011,24.793333333333333,125.27833333333334,39,宮古島,ミヤコジマ,Miyakojima Island,沖縄県,22.1
93042,C,11110000,24.781666666666663,125.295,43,鏡原,カガミハラ：宮古空港,Kagamihara,沖縄県,19.0
93062,C,11110000,24.65333333333333,124.675,10,仲筋,ナカスジ：多良間空港,Nakasuji,沖縄県,20.7
94001,C,11112010,24.506666666666668,124.28,11,伊原間,イバルマ,Ibaruma,沖縄県,19.5
94011,C,11110000,24.466666666666665,122.97833333333334,15,所野,トコロノ：与那国空港,Tokorono,沖縄県,19.9
94017,B,11111011,24.466666666666665,123.01,30,与那国島,ヨナグニジマ,Yonagunijima Island,沖縄県,20.0
94062,B,11111011,24.426666666666662,123.765,10,西表島,イリオモテジマ,Iriomotejima Island,沖縄県,21.5
94081,A,11111011,24.336666666666662,124.16333333333333,6,石垣島,イシガキジマ,Ishigakijima Island,沖縄県,20.7
94086,C,11110000,24.395,124.245,31,盛山,モリヤマ：新石垣空港,Moriyama,沖縄県,20.7
94101,C,11112010,24.265,123.87166666666668,33,大原,オオハラ,Ohara,沖縄県,19.6
94116,C,11112010,24.055,123.76666666666668,38,波照間,ハテルマ,Hateruma,沖縄県,22.0
